year,category,prizeShare,fullName,gender,born,bornCountry,bornCity,age_received,organizationName,organizationCountry,organizationCity,,
2023,medicine,2,Katalin Kariko,female,1955,Hungary,Szolnok,68,Szeged University,Hungary,Szeged,,
2023,economics,1,Claudia Goldin,female,1946,USA,New York NY,77,Harvard University,USA,Cambridge MA,,
2023,peace,1,Narges Mohammadi,female,1972,Iran,Zanjan,51,,,,,
2023,literature,1,Jon Fosse,male,1959,Norway,Haugesund,64,,,,,
2023,chemistry,3,Alexei Ekimov,male,1945,Russia,,78,Nanocrystals Technology Inc.,USA,New York NY,,
2023,chemistry,3,Louis Brus,male,1943,USA,Cleveland OH,80,Columbia University,USA,New York NY,,
2023,chemistry,3,Moungi Bawendi,male,1961,France,Paris,62,Massachusetts Institute of Technology (MIT),USA,Cambridge MA,,
2023,physics,3,Anne L Huillier,female,1958,France,Paris,65,Lund University,Sweden,Lund,,
2023,physics,3,Ferenc Krausz,male,1962,Hungary,Mor,61,Max Planck Institute of Quantum Optics,Germany,Garching,,
2023,physics,3,Pierre Agostini,male,1941,Tunisia,Tunis,82,The Ohio State University,USA,Columbus OH,,
2023,medicine,2,Drew Weissman,male,1959,USA,Lexington MA,64,Penn Institute for RNA Innovations University of Pennsylvania,USA,Philadelphia PA,,
2022,physics,3,Alain Aspect,male,1947,France,Agen,75,Institut d'Optique Graduate School - Universite Paris-Saclay,France,Paris,,
2022,medicine,1,Svante Paebo,male,1955,Sweden,Stockholm,67,Max Planck Institute for Evolutionary Anthropology,Germany,Leipzig,,
2022,economics,3,Philip Dybvig,male,1955,USA,Gainesville FL,67,Washington University,USA,St. Louis MO,,
2022,economics,3,Douglas Diamond,male,1953,USA,Chicago IL,69,University of Chicago,USA,Chicago IL,,
2022,economics,3,Ben Bernanke,male,1953,USA,Augusta GA,69,The Brookings Institution,USA,Washington D.C.,,
2022,peace,3,Center for Civil Liberties ,organisation,2007,,,15,,,,,
2022,peace,3,Ales Bialiatski,male,1962,Russia,Vyartsilya Karelia,60,,,,,
2022,literature,1,Annie Ernaux,female,1940,France,Lillebonne,82,,,,,
2022,chemistry,3,Morten Meldal,male,1954,Denmark,Copenhagen,68,University of Copenhagen,Denmark,Copenhagen,,
2022,chemistry,3,Carolyn Bertozzi,female,1966,USA,Boston MA,56,Stanford University,USA,Stanford CA,,
2022,physics,3,Anton Zeilinger,male,1945,Austria,Ried im Innkreis,77,University of Vienna,Austria,Vienna,,
2022,physics,3,John Clauser,male,1942,USA,Pasadena CA,80,J.F. Clauser & Assoc.,USA,Walnut Creek CA,,
2022,chemistry,3,Barry Sharpless,male,1941,USA,Philadelphia PA,81,Scripps Research,USA,La Jolla CA,,
2021,chemistry,2,Benjamin List,male,1968,Germany,Frankfurt-on-the-Main,53,Max Planck Institute for Coal Research,Germany,Mulheim an der Ruhr,,
2021,economics,4,Guido Imbens,male,1963,the Netherlands,Geldrop,58,Stanford University,USA,Stanford CA,,
2021,economics,4,Joshua Angrist,male,1960,USA,Columbus OH,61,Massachusetts Institute of Technology (MIT),USA,Cambridge MA,,
2021,economics,2,David Card,male,1956,Canada,Guelph,65,University of California,USA,Berkeley CA,,
2021,peace,2,Dmitry Muratov,male,1961,Russia,Samara,60,,,,,
2021,peace,2,Maria Ressa,female,1963,Philippines,Manila,58,,,,,
2021,literature,1,Abdulrazak Gurnah,male,1948,Tanzania,,73,,,,,
2021,chemistry,2,David MacMillan,male,1968,United Kingdom,Bellshill,53,Princeton University,USA,Princeton NJ,,
2021,physics,2,Giorgio Parisi,male,1948,Italy,Rome,73,Sapienza University of Rome,Italy,Rome,,
2021,physics,4,Klaus Hasselmann,male,1931,Germany,Hamburg,90,Max Planck Institute for Meteorology,Germany,Hamburg,,
2021,physics,4,Syukuro Manabe,male,1931,Japan,Shingu Ehime,90,Princeton University,USA,Princeton NJ,,
2021,medicine,2,Ardem Patapoutian,male,1971,Lebanon,Beirut,50,Scripps Research,USA,La Jolla CA,,
2021,medicine,2,David Julius,male,1955,USA,New York NY,66,University of California,USA,San Francisco CA,,
2020,literature,1,Louise Gluck,female,1943,USA,New York NY,77,,,,,
2020,economics,2,Robert Wilson,male,1937,USA,Geneva NE,83,Stanford University,USA,Stanford CA,,
2020,economics,2,Paul Milgrom,male,1948,USA,Detroit MI,72,Stanford University,USA,Stanford CA,,
2020,peace,1,World Food Programme ,organisation,1961,,,59,,,,,
2020,chemistry,2,Jennifer A. Doudna,female,1964,USA,Washington D.C.,56,University of California,USA,Berkeley CA,,
2020,chemistry,2,Emmanuelle Charpentier,female,1968,France,Juvisy-sur-Orge,52,Max Planck Unit for the Science of Pathogens,Germany,Berlin,,
2020,physics,4,Andrea Ghez,female,1965,USA,New York NY,55,University of California,USA,Los Angeles CA,,
2020,physics,4,Reinhard Genzel,male,1952,Germany,Bad Homburg vor der Hohe,68,Max Planck Institute for Extraterrestrial Physics,Germany,Garching,,
2020,physics,2,Roger Penrose,male,1931,United Kingdom,Colchester,89,University of Oxford,United Kingdom,Oxford,,
2020,medicine,3,Charles Rice,male,1952,USA,Sacramento CA,68,Rockefeller University,USA,New York NY,,
2020,medicine,3,Michael Houghton,male,1950,United Kingdom,,70,University of Alberta,Canada,Edmonton,,
2020,medicine,3,Harvey Alter,male,1935,USA,New York NY,85,National Institutes of Health,USA,Bethesda MD,,
2019,economics,3,Michael Kremer,male,1964,USA,New York NY,55,Harvard University,USA,Cambridge MA,,
2019,economics,3,Esther Duflo,female,1972,France,Paris,47,Massachusetts Institute of Technology (MIT),USA,Cambridge MA,,
2019,economics,3,Abhijit Banerjee,male,1961,India,Mumbai,58,Massachusetts Institute of Technology (MIT),USA,Cambridge MA,,
2019,peace,1,Abiy Ahmed Ali,male,1976,Ethiopia,Beshasha,43,,,,,
2019,literature,1,Peter Handke,male,1942,Austria,Griffen,77,,,,,
2019,chemistry,3,Akira Yoshino,male,1948,Japan,Suita,71,Asahi Kasei Corporation,Japan,Tokyo,,
2019,chemistry,3,M. Stanley Whittingham,male,1941,United Kingdom,,78,Binghamton University State University of New York,USA,New York NY,,
2019,chemistry,3,John Goodenough,male,1922,Germany,Jena,97,University of Texas,USA,Austin TX,,
2019,physics,4,Didier Queloz,male,1966,Switzerland,Geneva,53,University of Geneva,Switzerland,Geneva,,
2019,physics,4,Michel Mayor,male,1942,Switzerland,Lausanne,77,University of Geneva,Switzerland,Geneva,,
2019,physics,2,James Peebles,male,1935,Canada,Winnipeg,84,Princeton University,USA,Princeton NJ,,
2019,medicine,3,Gregg Semenza,male,1956,USA,New York NY,63,Johns Hopkins University,USA,Baltimore MD,,
2019,medicine,3,Peter Ratcliffe,male,1954,United Kingdom,Lancashire,65,University of Oxford,United Kingdom,Oxford,,
2019,medicine,3,William Kaelin,male,1957,USA,New York NY,62,Harvard Medical School,USA,Boston MA,,
2018,physics,4,Gerard Mourou,male,1944,France,Albertville,74,Ecole Polytechnique,France,Palaiseau,,
2018,literature,1,Olga Tokarczuk,female,1962,Poland,Sulechow,56,,,,,
2018,economics,2,Paul M. Romer,male,1955,USA,Denver CO,63,NYU Stern School of Business,USA,New York NY,,
2018,economics,2,William D. Nordhaus,male,1941,USA,Albuquerque NM,77,Yale University,USA,New Haven CT,,
2018,peace,2,Nadia Murad,female,1993,Iraq,Kojo,25,,,,,
2018,peace,2,Denis Mukwege,male,1955,Democratic Republic of the Congo,Bukavu,63,,,,,
2018,chemistry,4,Sir Gregory P. Winter,male,1951,United Kingdom,Leicester,67,MRC Laboratory of Molecular Biology,United Kingdom,Cambridge,,
2018,chemistry,4,George P. Smith,male,1941,USA,Norwalk CT,77,University of Missouri,USA,Columbia,,
2018,chemistry,2,Frances H. Arnold,female,1956,USA,Pittsburgh PA,62,California Institute of Technology (Caltech),USA,Pasadena CA,,
2018,physics,4,Donna Strickland,female,1959,Canada,Guelph,59,University of Waterloo,Canada,Waterloo,,
2018,physics,2,Arthur Ashkin,male,1922,USA,New York NY,96,Bell Laboratories,USA,Holmdel NJ,,
2018,medicine,2,Tasuku Honjo,male,1942,Japan,Kyoto,76,Kyoto University,Japan,Kyoto,,
2018,medicine,2,James P. Allison,male,1948,USA,Alice TX,70,Parker Institute for Cancer Immunotherapy,USA,San Francisco CA,,
2017,economics,1,Richard H. Thaler,male,1945,USA,East Orange NJ,72,University of Chicago,USA,Chicago IL,,
2017,peace,1,International Campaign to Abolish Nuclear Weapons ,organisation,2007,,,10,,,,,
2017,literature,1,Kazuo Ishiguro,male,1954,Japan,Nagasaki,63,,,,,
2017,chemistry,3,Richard Henderson,male,1945,Scotland,Edinburgh,72,MRC Laboratory of Molecular Biology,United Kingdom,Cambridge,,
2017,chemistry,3,Joachim Frank,male,1940,Germany,Siegen,77,Columbia University,USA,New York NY,,
2017,chemistry,3,Jacques Dubochet,male,1942,Switzerland,Aigle,75,University of Lausanne,Switzerland,Lausanne,,
2017,physics,4,Kip S. Thorne,male,1940,USA,Logan UT,77,LIGO/VIRGO Collaboration,,,,
2017,physics,4,Barry C. Barish,male,1936,USA,Omaha NE,81,LIGO/VIRGO Collaboration,,,,
2017,physics,2,Rainer Weiss,male,1932,Germany,Berlin,85,LIGO/VIRGO Collaboration,,,,
2017,medicine,3,Michael W. Young,male,1949,USA,Miami FL,68,Rockefeller University,USA,New York NY,,
2017,medicine,3,Michael Rosbash,male,1944,USA,Kansas City MO,73,Brandeis University,USA,Waltham MA,,
2017,medicine,3,Jeffrey C. Hall,male,1945,USA,New York NY,72,University of Maine,USA,Maine ME,,
2016,economics,2,Bengt Holmstrom,male,1949,Finland,Helsinki,67,Massachusetts Institute of Technology (MIT),USA,Cambridge MA,,
2016,peace,1,Juan Manuel Santos,male,1951,Colombia,Bogota,65,,,,,
2016,literature,1,Bob Dylan,male,1941,USA,Duluth MN,75,,,,,
2016,economics,2,Oliver Hart,male,1948,United Kingdom,London,68,Harvard University,USA,Cambridge MA,,
2016,chemistry,3,Bernard L. Feringa,male,1951,the Netherlands,Barger-Compascuum,65,University of Groningen,the Netherlands,Groningen,,
2016,chemistry,3,Sir J. Fraser Stoddart,male,1942,United Kingdom,Edinburgh,74,Northwestern University,USA,Evanston IL,,
2016,chemistry,3,Jean-Pierre Sauvage,male,1944,France,Paris,72,University of Strasbourg,France,Strasbourg,,
2016,physics,4,J. Michael Kosterlitz,male,1943,United Kingdom,Aberdeen,73,Brown University,USA,Providence RI,,
2016,physics,4,F. Duncan M. Haldane,male,1951,United Kingdom,London,65,Princeton University,USA,Princeton NJ,,
2016,physics,2,David J. Thouless,male,1934,United Kingdom,Bearsden,82,University of Washington,USA,Seattle WA,,
2016,medicine,1,Yoshinori Ohsumi,male,1945,Japan,Fukuoka,71,Tokyo Institute of Technology,Japan,Tokyo,,
2015,medicine,4,Satoshi Omura,male,1935,Japan,Yamanashi Prefecture,80,Kitasato University,Japan,Tokyo,,
2015,economics,1,Angus Deaton,male,1945,Scotland,Edinburgh,70,Princeton University,USA,Princeton NJ,,
2015,peace,1,National Dialogue Quartet ,organisation,2013,,,2,,,,,
2015,literature,1,Svetlana Alexievich,female,1948,Ukraine,Ivano-Frankivsk,67,,,,,
2015,chemistry,3,Aziz Sancar,male,1946,Turkey,Savur,69,University of North Carolina,USA,Chapel Hill NC,,
2015,chemistry,3,Paul Modrich,male,1946,USA,Raton NM,69,Howard Hughes Medical Institute,USA,Durham NC,,
2015,chemistry,3,Tomas Lindahl,male,1938,Sweden,Stockholm,77,Francis Crick Institute,United Kingdom,Hertfordshire,,
2015,physics,2,Arthur B. McDonald,male,1943,Canada,Sydney,72,Queen's University,Canada,Kingston,,
2015,physics,2,Takaaki Kajita,male,1959,Japan,Higashimatsuyama,56,University of Tokyo,Japan,Kashiwa,,
2015,medicine,2,Youyou Tu,female,1930,China,Zhejiang Ningbo,85,China Academy of Traditional Chinese Medicine,China,Beijing,,
2015,medicine,4,William C. Campbell,male,1930,Ireland,Ramelton,85,Drew University,USA,Madison NJ,,
2014,chemistry,3,Stefan W. Hell,male,1962,Romania,Arad,52,Max Planck Institute for Biophysical Chemistry,Germany,Gottingen,,
2014,medicine,4,May-Britt Moser,female,1963,Norway,Fosnavag,51,Norwegian University of Science and Technology (NTNU),Norway,Trondheim,,
2014,economics,1,Jean Tirole,male,1953,France,Troyes,61,Toulouse School of Economics (TSE),France,Toulouse,,
2014,peace,2,Malala Yousafzai,female,1997,Pakistan,Mingora,17,,,,,
2014,peace,2,Kailash Satyarthi,male,1954,India,Vidisha,60,,,,,
2014,literature,1,Patrick Modiano,male,1945,France,Paris,69,,,,,
2014,chemistry,3,William E. Moerner,male,1953,USA,Pleasanton CA,61,Stanford University,USA,Stanford CA,,
2014,chemistry,3,Eric Betzig,male,1960,USA,Ann Arbor MI,54,Janelia Research Campus Howard Hughes Medical Institute,USA,Ashburn VA,,
2014,physics,3,Shuji Nakamura,male,1954,Japan,Ikata,60,University of California,USA,Santa Barbara CA,,
2014,physics,3,Hiroshi Amano,male,1960,Japan,Hamamatsu,54,Nagoya University,Japan,Nagoya,,
2014,physics,3,Isamu Akasaki,male,1929,Japan,Chiran,85,Meijo University,Japan,Nagoya,,
2014,medicine,4,Edvard I. Moser,male,1962,Norway,Alesund,52,Norwegian University of Science and Technology (NTNU),Norway,Trondheim,,
2014,medicine,2,John O'Keefe,male,1939,USA,New York NY,75,University College,United Kingdom,London,,
2013,medicine,3,Thomas C. Sudhof,male,1955,Germany,Gottingen,58,Stanford University,USA,Stanford CA,,
2013,chemistry,3,Martin Karplus,male,1930,Austria,Vienna,83,Universite de Strasbourg,France,Strasbourg,,
2013,physics,2,Franois Englert,male,1932,Belgium,Etterbeek,81,Universite Libre de Bruxelles,Belgium,Brussels,,
2013,economics,3,Robert J. Shiller,male,1946,USA,Detroit MI,67,Yale University,USA,New Haven CT,,
2013,economics,3,Lars Peter Hansen,male,1952,USA,Urbana IL,61,University of Chicago,USA,Chicago IL,,
2013,economics,3,Eugene F. Fama,male,1939,USA,Boston MA,74,University of Chicago,USA,Chicago IL,,
2013,peace,1,Organisation for the Prohibition of Chemical Weapons ,organisation,1997,,,16,,,,,
2013,literature,1,Alice Munro,female,1931,Canada,Wingham,82,,,,,
2013,chemistry,3,Arieh Warshel,male,1940,Israel,Kibbutz Sde Nahum,73,University of Southern California,USA,Los Angeles CA,,
2013,chemistry,3,Michael Levitt,male,1947,South Africa,Pretoria,66,Stanford University School of Medicine,USA,Stanford CA,,
2013,physics,2,Peter Higgs,male,1929,United Kingdom,Newcastle upon Tyne,84,University of Edinburgh,United Kingdom,Edinburgh,,
2013,medicine,3,Randy W. Schekman,male,1948,USA,St. Paul MN,65,University of California,USA,Berkeley CA,,
2013,medicine,3,James E. Rothman,male,1950,USA,Haverhill MA,63,Yale University,USA,New Haven CT,,
2012,physics,2,Serge Haroche,male,1944,Morocco,Casablanca,68,College de France,France,Paris,,
2012,economics,2,Lloyd S. Shapley,male,1923,USA,Cambridge MA,89,University of California,USA,Los Angeles CA,,
2012,economics,2,Alvin E. Roth,male,1951,USA,New York NY,61,Harvard University,USA,Cambridge MA,,
2012,peace,1,European Union ,organisation,1993,,,19,,,,,
2012,literature,1,Mo Yan,male,1956,China,Gaomi,56,,,,,
2012,chemistry,2,Brian Kobilka,male,1955,USA,Little Falls MN,57,Stanford University School of Medicine,USA,Stanford CA,,
2012,chemistry,2,Robert J. Lefkowitz,male,1943,USA,New York NY,69,Howard Hughes Medical Institute,USA,,,
2012,physics,2,David J. Wineland,male,1944,USA,Milwaukee WI,68,National Institute of Standards and Technology,USA,Boulder CO,,
2012,medicine,2,Shinya Yamanaka,male,1962,Japan,Osaka,50,Kyoto University,Japan,Kyoto,,
2012,medicine,2,Sir John B. Gurdon,male,1933,United Kingdom,Dippenhall,79,Gurdon Institute,United Kingdom,Cambridge,,
2011,economics,2,Christopher A. Sims,male,1942,USA,Washington D.C.,69,Princeton University,USA,Princeton NJ,,
2011,economics,2,Thomas J. Sargent,male,1943,USA,Pasadena CA,68,New York University,USA,New York NY,,
2011,peace,3,Tawakkol Karman,female,1979,Yemen,Ta'izz,32,,,,,
2011,peace,3,Leymah Gbowee,female,1972,Liberia,Monrovia,39,,,,,
2011,peace,3,Ellen Johnson Sirleaf,female,1938,Liberia,Monrovia,73,,,,,
2011,literature,1,Tomas Transtromer,male,1931,Sweden,Stockholm,80,,,,,
2011,chemistry,1,Dan Shechtman,male,1941,Israel,Tel Aviv,70,Technion - Israel Institute of Technology,Israel,Haifa,,
2011,physics,4,Adam G. Riess,male,1969,USA,Washington D.C.,42,Johns Hopkins University,USA,Baltimore MD,,
2011,physics,4,Brian P. Schmidt,male,1967,USA,Missoula MT,44,Australian National University,Australia,Weston Creek,,
2011,physics,2,Saul Perlmutter,male,1959,USA,Champaign Urbana IL,52,Lawrence Berkeley National Laboratory,USA,Berkeley CA,,
2011,medicine,2,Ralph M. Steinman,male,1943,Canada,Montreal,68,Rockefeller University,USA,New York NY,,
2011,medicine,4,Jules A. Hoffmann,male,1941,Luxembourg,Echternach,70,University of Strasbourg,France,Strasbourg,,
2011,medicine,4,Bruce A. Beutler,male,1957,USA,Chicago IL,54,University of Texas Southwestern Medical Center at Dallas,USA,Dallas TX,,
2010,economics,3,Christopher A. Pissarides,male,1948,Cyprus,Nicosia,62,London School of Economics and Political Science,United Kingdom,London,,
2010,economics,3,Dale T. Mortensen,male,1939,USA,Enterprise OR,71,Northwestern University,USA,Evanston IL,,
2010,economics,3,Peter A. Diamond,male,1940,USA,New York NY,70,Massachusetts Institute of Technology (MIT),USA,Cambridge MA,,
2010,peace,1,Xiaobo Liu,male,1955,China,Changchun,55,,,,,
2010,literature,1,Mario Vargas Llosa,male,1936,Peru,Arequipa,74,,,,,
2010,chemistry,3,Akira Suzuki,male,1930,Japan,Mukawa,80,Hokkaido University,Japan,Sapporo,,
2010,chemistry,3,Ei-ichi Negishi,male,1935,China,Changchun,75,Purdue University,USA,West Lafayette IN,,
2010,chemistry,3,Richard F. Heck,male,1931,USA,Springfield MA,79,University of Delaware,USA,,,
2010,physics,2,Konstantin Novoselov,male,1974,Russia,Nizhny Tagil,36,University of Manchester,United Kingdom,Manchester,,
2010,physics,2,Andre Geim,male,1958,Russia,Sochi,52,University of Manchester,United Kingdom,Manchester,,
2010,medicine,1,Robert G. Edwards,male,1925,United Kingdom,Batley,85,University of Cambridge,United Kingdom,Cambridge,,
2009,literature,1,Herta Muller,female,1953,Romania,Nitzkydorf Banat,56,,,,,
2009,economics,2,Oliver E. Williamson,male,1932,USA,Superior WI,77,University of California,USA,Berkeley CA,,
2009,economics,2,Elinor Ostrom,female,1933,USA,Los Angeles CA,76,Indiana University,USA,Bloomington IN,,
2009,peace,1,Barack Obama,male,1961,USA,Honolulu HI,48,,,,,
2009,chemistry,3,Ada E. Yonath,female,1939,Israel,Jerusalem,70,Weizmann Institute of Science,Israel,Rehovot,,
2009,chemistry,3,Thomas A. Steitz,male,1940,USA,Milwaukee WI,69,Yale University,USA,New Haven CT,,
2009,chemistry,3,Venkatraman Ramakrishnan,male,1952,India,Chidambaram Tamil Nadu,57,MRC Laboratory of Molecular Biology,United Kingdom,Cambridge,,
2009,physics,4,George E. Smith,male,1930,USA,White Plains NY,79,Bell Laboratories,USA,Murray Hill NJ,,
2009,physics,4,Willard S. Boyle,male,1924,Canada,Amherst NS,85,Bell Laboratories,USA,Murray Hill NJ,,
2009,physics,2,Charles K. Kao,male,1933,China,Shanghai,76,Standard Telecommunication Laboratories,United Kingdom,Harlow,,
2009,medicine,3,Jack W. Szostak,male,1952,United Kingdom,London,57,Harvard Medical School,USA,Boston MA,,
2009,medicine,3,Carol W. Greider,female,1961,USA,San Diego CA,48,Johns Hopkins University School of Medicine,USA,Baltimore MD,,
2009,medicine,3,Elizabeth H. Blackburn,female,1948,Australia,Hobart Tasmania,61,University of California,USA,San Francisco CA,,
2008,economics,1,Paul Krugman,male,1953,USA,New York NY,55,Princeton University,USA,Princeton NJ,,
2008,peace,1,Martti Ahtisaari,male,1937,Finland,Vyborg,71,,,,,
2008,literature,1,Jean Marie Gustave Le Clezio,male,1940,France,Nice,68,,,,,
2008,chemistry,3,Roger Y. Tsien,male,1952,USA,New York NY,56,University of California,USA,San Diego CA,,
2008,chemistry,3,Martin Chalfie,male,1947,USA,Chicago IL,61,Columbia University,USA,New York NY,,
2008,chemistry,3,Osamu Shimomura,male,1928,Japan,Kyoto,80,Marine Biological Laboratory (MBL),USA,Woods Hole MA,,
2008,physics,4,Toshihide Maskawa,male,1940,Japan,Nagoya,68,Kyoto Sangyo University,Japan,Kyoto,,
2008,physics,4,Makoto Kobayashi,male,1944,Japan,Nagoya,64,High Energy Accelerator Research Organization (KEK),Japan,Tsukuba,,
2008,physics,2,Yoichiro Nambu,male,1921,Japan,Tokyo,87,Enrico Fermi Institute University of Chicago,USA,Chicago IL,,
2008,medicine,4,Luc Montagnier,male,1932,France,Chabris,76,World Foundation for AIDS Research and Prevention,France,Paris,,
2008,medicine,4,Franoise Barr-Sinoussi,female,1947,France,Paris,61,Regulation of Retroviral Infections Unit Virology Department Institut Pasteur,France,Paris,,
2008,medicine,2,Harald zur Hausen,male,1936,Germany,Gelsenkirchen,72,German Cancer Research Center,Germany,Heidelberg,,
2007,physics,2,Peter Grnberg,male,1939,Czech Republic,Plzen,68,Forschungszentrum Julich,Germany,Julich,,
2007,physics,2,Albert Fert,male,1938,France,Carcassonne,69,Paris-Sud University,France,Orsay,,
2007,economics,3,Roger B. Myerson,male,1951,USA,Boston MA,56,University of Chicago,USA,Chicago IL,,
2007,economics,3,Eric S. Maskin,male,1950,USA,New York NY,57,Institute for Advanced Study,USA,Princeton NJ,,
2007,economics,3,Leonid Hurwicz,male,1917,Russia,Moscow,90,University of Minnesota,USA,Minneapolis MN,,
2007,peace,2,Al Gore,male,1948,USA,Washington D.C.,59,,,,,
2007,peace,2,Intergovernmental Panel on Climate Change ,organisation,1988,,,19,,,,,
2007,literature,1,Doris Lessing,female,1919,Iran,Kermanshah,88,,,,,
2007,chemistry,1,Gerhard Ertl,male,1936,Germany,Bad Cannstatt,71,Fritz-Haber-Institut der Max-Planck-Gesellschaft,Germany,Berlin,,
2007,medicine,3,Oliver Smithies,male,1925,United Kingdom,Halifax,82,University of North Carolina,USA,Chapel Hill NC,,
2007,medicine,3,Sir Martin J. Evans,male,1941,United Kingdom,Stroud,66,Cardiff University,United Kingdom,Cardiff,,
2007,medicine,3,Mario R. Capecchi,male,1937,Italy,Verona,70,University of Utah,USA,Salt Lake City UT,,
2006,peace,2,Grameen Bank ,organisation,1983,,,23,,,,,
2006,peace,2,Muhammad Yunus,male,1940,Bangladesh,Chittagong,66,,,,,
2006,literature,1,Orhan Pamuk,male,1952,Turkey,Istanbul,54,,,,,
2006,economics,1,Edmund S. Phelps,male,1933,USA,Evanston IL,73,Columbia University,USA,New York NY,,
2006,chemistry,1,Roger D. Kornberg,male,1947,USA,St. Louis MO,59,Stanford University,USA,Stanford CA,,
2006,physics,2,George F. Smoot,male,1945,USA,Yukon FL,61,University of California,USA,Berkeley CA,,
2006,physics,2,John C. Mather,male,1946,USA,Roanoke VA,60,NASA Goddard Space Flight Center,USA,Greenbelt MD,,
2006,medicine,2,Craig C. Mello,male,1960,USA,New Haven CT,46,University of Massachusetts Medical School,USA,Worcester MA,,
2006,medicine,2,Andrew Z. Fire,male,1959,USA,Stanford CA,47,Stanford University School of Medicine,USA,Stanford CA,,
2005,chemistry,3,Yves Chauvin,male,1930,Belgium,Menin,75,French Institute of Petroleum,France,Rueil-Malmaison,,
2005,literature,1,Harold Pinter,male,1930,United Kingdom,London,75,,,,,
2005,economics,2,Thomas C. Schelling,male,1921,USA,Oakland CA,84,University of Maryland Department of Economics and School of Public Policy,USA,College Park MD,,
2005,economics,2,Robert J. Aumann,male,1930,Germany,Frankfurt-on-the-Main,75,University of Jerusalem Center for RationalityHebrew,Israel,Jerusalem,,
2005,peace,2,Mohamed ElBaradei,male,1942,Egypt,Cairo,63,,,,,
2005,peace,2,International Atomic Energy Agency ,organisation,1957,,,48,,,,,
2005,chemistry,3,Richard R. Schrock,male,1945,USA,Berne IN,60,Massachusetts Institute of Technology (MIT),USA,Cambridge MA,,
2005,chemistry,3,Robert H. Grubbs,male,1942,USA,Possum Trot KY,63,California Institute of Technology (Caltech),USA,Pasadena CA,,
2005,physics,4,Theodor W. Hansch,male,1941,Germany,Heidelberg,64,Max Planck Institute of Quantum Optics,Germany,Garching,,
2005,physics,4,John L. Hall,male,1934,USA,Denver CO,71,University of Colorado JILA,USA,Boulder CO,,
2005,physics,2,Roy J. Glauber,male,1925,USA,New York NY,80,Harvard University,USA,Cambridge MA,,
2005,medicine,2,J. Robin Warren,male,1937,Australia,Adelaide,68,,,,,
2005,medicine,2,Barry J. Marshall,male,1951,Australia,Kalgoorlie,54,NHMRC Helicobacter pylori Research Laboratory QEII Medical Centre,Australia,Nedlands,,
2004,literature,1,Elfriede Jelinek,female,1946,Austria,Murzzuschlag,58,,,,,
2004,economics,2,Edward C. Prescott,male,1940,USA,Glens Falls NY,64,Arizona State University,USA,Tempe AZ,,
2004,economics,2,Finn E. Kydland,male,1943,Norway,Gjesdal,61,Carnegie Mellon University,USA,Pittsburgh PA,,
2004,peace,1,Wangari Maathai,female,1940,Kenya,Nyeri,64,,,,,
2004,chemistry,3,Irwin Rose,male,1926,USA,Brooklyn NY,78,University of California,USA,Irvine CA,,
2004,chemistry,3,Avram Hershko,male,1937,Hungary,Karcag,67,Technion - Israel Institute of Technology,Israel,Haifa,,
2004,chemistry,3,Aaron Ciechanover,male,1947,Israel,Haifa,57,Technion - Israel Institute of Technology,Israel,Haifa,,
2004,physics,3,Frank Wilczek,male,1951,USA,New York NY,53,Massachusetts Institute of Technology (MIT),USA,Cambridge MA,,
2004,physics,3,H. David Politzer,male,1949,USA,New York NY,55,California Institute of Technology (Caltech),USA,Pasadena CA,,
2004,physics,3,David J. Gross,male,1941,USA,Washington D.C.,63,University of California Kavli Institute for Theoretical Physics,USA,Santa Barbara CA,,
2004,medicine,2,Linda B. Buck,female,1947,USA,Seattle WA,57,Fred Hutchinson Cancer Research Center,USA,Seattle WA,,
2004,medicine,2,Richard Axel,male,1946,USA,New York NY,58,Columbia University,USA,New York NY,,
2003,peace,1,Shirin Ebadi,female,1947,Iran,Hamadan,56,,,,,
2003,economics,2,Clive W.J. Granger,male,1934,United Kingdom,Swansea,69,University of California,USA,San Diego CA,,
2003,economics,2,Robert F. Engle III,male,1942,USA,Syracuse NY,61,New York University,USA,New York NY,,
2003,chemistry,2,Roderick MacKinnon,male,1956,USA,Burlington MA,47,Rockefeller University,USA,New York NY,,
2003,chemistry,2,Peter Agre,male,1949,USA,Northfield MN,54,Johns Hopkins University School of Medicine,USA,Baltimore MD,,
2003,physics,3,Anthony J. Leggett,male,1938,United Kingdom,London,65,University of Illinois,USA,Urbana IL,,
2003,physics,3,Vitaly L. Ginzburg,male,1916,Russia,Moscow,87,P.N. Lebedev Physical Institute,Russia,Moscow,,
2003,physics,3,Alexei Abrikosov,male,1928,Russia,Moscow,75,Argonne National Laboratory,USA,Argonne IL,,
2003,medicine,2,Sir Peter Mansfield,male,1933,United Kingdom,London,70,University of Nottingham School of Physics and Astronomy,United Kingdom,Nottingham,,
2003,medicine,2,Paul C. Lauterbur,male,1929,USA,Sidney OH,74,University of Illinois,USA,Urbana IL,,
2003,literature,1,J. M. Coetzee,male,1940,South Africa,Cape Town,63,,,,,
2002,literature,1,Imre Kertesz,male,1929,Hungary,Budapest,73,,,,,
2002,chemistry,2,Kurt Wuthrich,male,1938,Switzerland,Aarberg,64,Swiss Federal Institute of Technology,Switzerland,Zurich,,
2002,peace,1,Jimmy Carter,male,1924,USA,Plains GA,78,,,,,
2002,economics,2,Vernon L. Smith,male,1927,USA,Wichita KS,75,George Mason University,USA,Fairfax VA,,
2002,economics,2,Daniel Kahneman,male,1934,Israel,Tel Aviv,68,Princeton University,USA,Princeton NJ,,
2002,chemistry,4,Koichi Tanaka,male,1959,Japan,Toyama City,43,Shimadzu Corp.,Japan,Kyoto,,
2002,chemistry,4,John B. Fenn,male,1917,USA,New York NY,85,Virginia Commonwealth University,USA,Richmond VA,,
2002,physics,2,Riccardo Giacconi,male,1931,Italy,Genoa,71,Associated Universities Inc.,USA,Washington D.C.,,
2002,physics,4,Masatoshi Koshiba,male,1926,Japan,Toyohashi,76,University of Tokyo,Japan,Tokyo,,
2002,physics,4,Raymond Davis Jr.,male,1914,USA,Washington D.C.,88,University of Pennsylvania,USA,Philadelphia PA,,
2002,medicine,3,John E. Sulston,male,1942,United Kingdom,Cambridge,60,The Wellcome Trust Sanger Institute,United Kingdom,Cambridge,,
2002,medicine,3,H. Robert Horvitz,male,1947,USA,Chicago IL,55,Massachusetts Institute of Technology (MIT),USA,Cambridge MA,,
2002,medicine,3,Sydney Brenner,male,1927,South Africa,Germiston,75,The Molecular Sciences Institute,USA,Berkeley CA,,
2001,peace,2,Kofi Annan,male,1938,Ghana,Kumasi,63,,,,,
2001,peace,2,United Nations ,organisation,1945,,,56,,,,,
2001,literature,1,V. S. Naipaul,male,1932,Trinidad and Tobago,Chaguanas,69,,,,,
2001,economics,3,Joseph E. Stiglitz,male,1943,USA,Gary IN,58,Columbia University,USA,New York NY,,
2001,economics,3,A. Michael Spence,male,1943,USA,Montclair NJ,58,Stanford University,USA,Stanford CA,,
2001,economics,3,George A. Akerlof,male,1940,USA,New Haven CT,61,University of California,USA,Berkeley CA,,
2001,chemistry,2,Barry Sharpless,male,1941,USA,Philadelphia PA,60,The Scripps Research Institute,USA,La Jolla CA,,
2001,chemistry,4,Ryoji Noyori,male,1938,Japan,Kobe,63,Nagoya University,Japan,Nagoya,,
2001,chemistry,4,William Knowles,male,1917,USA,Taunton MA,84,,,,,
2001,physics,3,Carl Wieman,male,1951,USA,Corvallis OR,50,University of Colorado JILA,USA,Boulder CO,,
2001,physics,3,Wolfgang Ketterle,male,1957,Germany,Heidelberg,44,Massachusetts Institute of Technology (MIT),USA,Cambridge MA,,
2001,physics,3,Eric Cornell,male,1961,USA,Palo Alto CA,40,University of Colorado JILA,USA,Boulder CO,,
2001,medicine,3,Sir Paul Nurse,male,1949,United Kingdom,Norwich,52,Imperial Cancer Research Fund,United Kingdom,London,,
2001,medicine,3,Tim Hunt,male,1943,United Kingdom,Neston,58,Imperial Cancer Research Fund,United Kingdom,London,,
2001,medicine,3,Leland Hartwell,male,1939,USA,Los Angeles CA,62,Fred Hutchinson Cancer Research Center,USA,Seattle WA,,
2000,medicine,3,Arvid Carlsson,male,1923,Sweden,Uppsala,77,Goteborg University,Sweden,Gothenburg,,
2000,literature,1,Xingjian Gao,male,1940,China,Ganzhou,60,,,,,
2000,economics,2,Daniel L. McFadden,male,1937,USA,Raleigh NC,63,University of California,USA,Berkeley CA,,
2000,economics,2,James J. Heckman,male,1944,USA,Chicago IL,56,University of Chicago,USA,Chicago IL,,
2000,chemistry,3,Hideki Shirakawa,male,1936,Japan,Tokyo,64,University of Tsukuba,Japan,Tsukuba,,
2000,chemistry,3,Alan MacDiarmid,male,1927,New Zealand,Masterton,73,University of Pennsylvania,USA,Philadelphia PA,,
2000,chemistry,3,Alan Heeger,male,1936,USA,Sioux City IA,64,University of California,USA,Santa Barbara CA,,
2000,physics,2,Jack Kilby,male,1923,USA,Jefferson City MO,77,Texas Instruments,USA,Dallas TX,,
2000,physics,4,Herbert Kroemer,male,1928,Germany,Weimar,72,University of California,USA,Santa Barbara CA,,
2000,physics,4,Zhores Alferov,male,1930,Belarus,Vitebsk Belorussia,70,A.F. Ioffe Physico-Technical Institute,Russia,St. Petersburg,,
2000,peace,1,Kim Dae-jung,male,1925,South Korea,Mokpo,75,,,,,
2000,medicine,3,Eric Kandel,male,1929,Austria,Vienna,71,Columbia University,USA,New York NY,,
2000,medicine,3,Paul Greengard,male,1925,USA,New York NY,75,Rockefeller University,USA,New York NY,,
1999,physics,2,Gerardus 't Hooft,male,1946,the Netherlands,Den Helder,53,Utrecht University,the Netherlands,Utrecht,,
1999,literature,1,Gnter Grass,male,1927,Poland,Gdansk,72,,,,,
1999,economics,1,Robert Mundell,male,1932,Canada,Kingston ON,67,Columbia University,USA,New York NY,,
1999,peace,1,Doctors Without Borders ,organisation,1971,,,28,,,,,
1999,medicine,1,Gnter Blobel,male,1936,Poland,Niegoslawice,63,Rockefeller University,USA,New York NY,,
1999,chemistry,1,Ahmed Zewail,male,1946,Egypt,Damanhur,53,California Institute of Technology (Caltech),USA,Pasadena CA,,
1999,physics,2,Martinus J.G. Veltman,male,1931,the Netherlands,Waalwijk,68,,,,,
1998,literature,1,Jose Saramago,male,1922,Portugal,Azinhaga,76,,,,,
1998,economics,1,Amartya Sen,male,1933,India,Santiniketan,65,Trinity College,United Kingdom,Cambridge,,
1998,peace,2,David Trimble,male,1944,Northern Ireland,Belfast,54,,,,,
1998,peace,2,John Hume,male,1937,Northern Ireland,Londonderry,61,,,,,
1998,medicine,3,Ferid Murad,male,1936,USA,Whiting IN,62,University of Texas Medical School at Houston,USA,Houston TX,,
1998,medicine,3,Louis J. Ignarro,male,1941,USA,Brooklyn NY,57,University of California School of Medicine,USA,Los Angeles CA,,
1998,medicine,3,Robert F. Furchgott,male,1916,USA,Charleston SC,82,SUNY Health Science Center,USA,Brooklyn NY,,
1998,chemistry,2,John Pople,male,1925,United Kingdom,Burnham on Sea,73,Northwestern University,USA,Evanston IL,,
1998,chemistry,2,Walter Kohn,male,1923,Austria,Vienna,75,University of California,USA,Santa Barbara CA,,
1998,physics,3,Daniel C. Tsui,male,1939,China,Henan,59,Princeton University,USA,Princeton NJ,,
1998,physics,3,Horst L. Stormer,male,1949,Germany,Frankfurt-on-the-Main,49,Columbia University,USA,New York NY,,
1998,physics,3,Robert B. Laughlin,male,1950,USA,Visalia CA,48,Stanford University,USA,Stanford CA,,
1997,physics,3,Claude Cohen-Tannoudji,male,1933,Algeria,Constantine,64,College de France,France,Paris,,
1997,economics,2,Myron Scholes,male,1941,Canada,Timmins ON,56,Long Term Capital Management,USA,Greenwich CT,,
1997,economics,2,Robert C. Merton,male,1944,USA,New York NY,53,Harvard University,USA,Cambridge MA,,
1997,literature,1,Dario Fo,male,1926,Italy,Leggiuno-Sangiano,71,,,,,
1997,peace,2,Jody Williams,female,1950,USA,Putney VT,47,,,,,
1997,peace,2,International Campaign to Ban Landmines ,organisation,1992,,,5,,,,,
1997,medicine,1,Stanley B. Prusiner,male,1942,USA,Des Moines IA,55,University of California School of Medicine,USA,San Francisco CA,,
1997,chemistry,2,Jens C. Skou,male,1918,Denmark,Lemvig,79,Aarhus University,Denmark,Aarhus,,
1997,chemistry,4,John E. Walker,male,1941,United Kingdom,Halifax,56,MRC Laboratory of Molecular Biology,United Kingdom,Cambridge,,
1997,chemistry,4,Paul D. Boyer,male,1918,USA,Provo UT,79,University of California,USA,Los Angeles CA,,
1997,physics,3,William D. Phillips,male,1948,USA,Wilkes-Barre PA,49,National Institute of Standards and Technology,USA,Gaithersburg MD,,
1997,physics,3,Steven Chu,male,1948,USA,St. Louis MO,49,Stanford University,USA,Stanford CA,,
1996,peace,2,Jose Ramos-Horta,male,1949,East Timor,Dili,47,,,,,
1996,economics,2,William Vickrey,male,1914,Canada,Victoria BC,82,Columbia University,USA,New York NY,,
1996,economics,2,James A. Mirrlees,male,1936,Scotland,Minnigaff,60,University of Cambridge,United Kingdom,Cambridge,,
1996,literature,1,Wislawa Szymborska,female,1923,Poland,Krnik,73,,,,,
1996,peace,2,Carlos Filipe Ximenes Belo,male,1948,East Timor,Wailacama,48,,,,,
1996,medicine,2,Rolf M. Zinkernagel,male,1944,Switzerland,Basel,52,University of Zurich Institute of Experimental Immunology,Switzerland,Zurich,,
1996,medicine,2,Peter C. Doherty,male,1940,Australia,Brisbane,56,St. Jude Children's Research Hospital,USA,Memphis TN,,
1996,chemistry,3,Richard E. Smalley,male,1943,USA,Akron OH,53,Rice University,USA,Houston TX,,
1996,chemistry,3,Sir Harold Kroto,male,1939,United Kingdom,Wisbech Cambridgeshire,57,University of Sussex,United Kingdom,Brighton,,
1996,chemistry,3,Robert F. Curl Jr.,male,1933,USA,Alice TX,63,Rice University,USA,Houston TX,,
1996,physics,3,Robert C. Richardson,male,1937,USA,Washington D.C.,59,Cornell University,USA,Ithaca NY,,
1996,physics,3,Douglas D. Osheroff,male,1945,USA,Aberdeen WA,51,Stanford University,USA,Stanford CA,,
1996,physics,3,David M. Lee,male,1931,USA,Rye NY,65,Cornell University,USA,Ithaca NY,,
1995,medicine,3,Christiane Nusslein-Volhard,female,1942,Germany,Magdeburg,53,Max Planck Institute for Developmental Biology,Germany,Tubingen,,
1995,chemistry,3,Paul J. Crutzen,male,1933,the Netherlands,Amsterdam,62,Max Planck Institute for Chemistry,Germany,Mainz,,
1995,literature,1,Seamus Heaney,male,1939,Northern Ireland,Castledawson,56,,,,,
1995,economics,1,Robert E. Lucas Jr.,male,1937,USA,Yakima WA,58,University of Chicago,USA,Chicago IL,,
1995,peace,2,Pugwash Conferences on Science and World Affairs ,organisation,1957,,,38,,,,,
1995,peace,2,Joseph Rotblat,male,1908,Poland,Warsaw,87,,,,,
1995,medicine,3,Eric F. Wieschaus,male,1947,USA,South Bend IN,48,Princeton University,USA,Princeton NJ,,
1995,medicine,3,Edward B. Lewis,male,1918,USA,Wilkes-Barre PA,77,California Institute of Technology (Caltech),USA,Pasadena CA,,
1995,chemistry,3,F. Sherwood Rowland,male,1927,USA,Delaware OH,68,University of California,USA,Irvine CA,,
1995,chemistry,3,Mario J. Molina,male,1943,Mexico,Mexico City,52,Massachusetts Institute of Technology (MIT),USA,Cambridge MA,,
1995,physics,2,Frederick Reines,male,1918,USA,Paterson NJ,77,University of California,USA,Irvine CA,,
1995,physics,2,Martin L. Perl,male,1927,USA,New York NY,68,Stanford University,USA,Stanford CA,,
1994,economics,3,Reinhard Selten,male,1930,Poland,Wroclaw,64,Rheinische Friedrich-Wilhelms-Universitat,Germany,Bonn,,
1994,economics,3,John F. Nash Jr.,male,1928,USA,Bluefield WV,66,Princeton University,USA,Princeton NJ,,
1994,economics,3,John C. Harsanyi,male,1920,Hungary,Budapest,74,University of California,USA,Berkeley CA,,
1994,literature,1,Kenzaburo Oe,male,1935,Japan,Uchiko,59,,,,,
1994,peace,3,Yitzhak Rabin,male,1922,Israel,Jerusalem,72,,,,,
1994,peace,3,Shimon Peres,male,1923,Belarus,Vishneva,71,,,,,
1994,peace,3,Yasser Arafat,male,1929,Egypt,Cairo,65,,,,,
1994,medicine,2,Martin Rodbell,male,1925,USA,Baltimore MD,69,National Institute of Environmental Health Sciences,USA,Research Triangle Park NC,,
1994,medicine,2,Alfred G. Gilman,male,1941,USA,New Haven CT,53,University of Texas Southwestern Medical Center at Dallas,USA,Dallas TX,,
1994,chemistry,1,George A. Olah,male,1927,Hungary,Budapest,67,University of Southern California,USA,Los Angeles CA,,
1994,physics,2,Clifford G. Shull,male,1915,USA,Pittsburgh PA,79,Massachusetts Institute of Technology (MIT),USA,Cambridge MA,,
1994,physics,2,Bertram N. Brockhouse,male,1918,Canada,Lethbridge Alberta,76,McMaster University,Canada,Hamilton Ontario,,
1993,economics,2,Douglass C. North,male,1920,USA,Cambridge MA,73,Washington University,USA,St. Louis MO,,
1993,economics,2,Robert W. Fogel,male,1927,USA,New York NY,66,University of Chicago,USA,Chicago IL,,
1993,literature,1,Toni Morrison,female,1931,USA,Lorain OH,62,,,,,
1993,peace,2,F.W. de Klerk,male,1936,South Africa,Johannesburg,57,,,,,
1993,peace,2,Nelson Mandela,male,1918,South Africa,Qunu,75,,,,,
1993,medicine,2,Phillip A. Sharp,male,1944,USA,Falmouth KY,49,Massachusetts Institute of Technology (MIT) Center for Cancer Research,USA,Cambridge MA,,
1993,medicine,2,Richard J. Roberts,male,1943,United Kingdom,Derby,50,New England Biolabs,USA,Beverly MA,,
1993,chemistry,2,Michael Smith,male,1932,United Kingdom,Blackpool,61,University of British Columbia,Canada,Vancouver,,
1993,chemistry,2,Kary B. Mullis,male,1944,USA,Lenoir NC,49,,,,,
1993,physics,2,Joseph H. Taylor Jr.,male,1941,USA,Philadelphia PA,52,Princeton University,USA,Princeton NJ,,
1993,physics,2,Russell A. Hulse,male,1950,USA,New York NY,43,Princeton University,USA,Princeton NJ,,
1992,peace,1,Rigoberta Menchu Tum,female,1959,Guatemala,Aldea Chimel,33,,,,,
1992,physics,1,Georges Charpak,male,1924,Poland,Dabrovica,68,Ecole Superieure de Physique et Chimie,France,Paris,,
1992,economics,1,Gary Becker,male,1930,USA,Pottsville PA,62,University of Chicago,USA,Chicago IL,,
1992,literature,1,Derek Walcott,male,1930,Saint Lucia,Castries,62,,,,,
1992,medicine,2,Edwin G. Krebs,male,1918,USA,Lansing IA,74,University of Washington,USA,Seattle WA,,
1992,medicine,2,Edmond H. Fischer,male,1920,China,Shanghai,72,University of Washington,USA,Seattle WA,,
1992,chemistry,1,Rudolph A. Marcus,male,1923,Canada,Montreal,69,California Institute of Technology (Caltech),USA,Pasadena CA,,
1991,medicine,2,Erwin Neher,male,1944,Germany,Landsberg,47,Max Planck Institute for Biophysical Chemistry,Germany,Gottingen,,
1991,medicine,2,Bert Sakmann,male,1942,Germany,Stuttgart,49,Max Planck Institute for Medical Research,Germany,Heidelberg,,
1991,chemistry,1,Richard R. Ernst,male,1933,Switzerland,Winterthur,58,Swiss Federal Institute of Technology (ETH Zurich),Switzerland,Zurich,,
1991,physics,1,Pierre-Gilles de Gennes,male,1932,France,Paris,59,College de France,France,Paris,,
1991,economics,1,Ronald H. Coase,male,1910,United Kingdom,Willesden,81,University of Chicago,USA,Chicago IL,,
1991,literature,1,Nadine Gordimer,female,1923,South Africa,Springs,68,,,,,
1991,peace,1,Aung San Suu Kyi ,female,1945,Myanmar,Yangon,46,,,,,
1990,economics,3,William F. Sharpe,male,1934,USA,Boston MA,56,Stanford University,USA,Stanford CA,,
1990,economics,3,Merton H. Miller,male,1923,USA,Boston MA,67,University of Chicago,USA,Chicago IL,,
1990,economics,3,Harry M. Markowitz,male,1927,USA,Chicago IL,63,City University of New York,USA,New York NY,,
1990,literature,1,Octavio Paz,male,1914,Mexico,Mexico City,76,,,,,
1990,peace,1,Mikhail Gorbachev,male,1931,Russia,Privolnoye,59,,,,,
1990,medicine,2,E. Donnall Thomas,male,1920,USA,Mart TX,70,Fred Hutchinson Cancer Research Center,USA,Seattle WA,,
1990,medicine,2,Joseph E. Murray,male,1919,USA,Milford MA,71,Brigham and Women's Hospital,USA,Boston MA,,
1990,chemistry,1,Elias James Corey,male,1928,USA,Methuen MA,62,Harvard University,USA,Cambridge MA,,
1990,physics,3,Richard E. Taylor,male,1929,Canada,Medicine Hat Alberta,61,Stanford University,USA,Stanford CA,,
1990,physics,3,Henry W. Kendall,male,1926,USA,Boston MA,64,Massachusetts Institute of Technology (MIT),USA,Cambridge MA,,
1990,physics,3,Jerome I. Friedman,male,1930,USA,Chicago IL,60,Massachusetts Institute of Technology (MIT),USA,Cambridge MA,,
1989,literature,1,Camilo Jose Cela,male,1916,Spain,Iria Flavia,73,,,,,
1989,physics,4,Hans G. Dehmelt,male,1922,Germany,Gorlitz,67,University of Washington,USA,Seattle WA,,
1989,economics,1,Trygve Haavelmo,male,1911,Norway,Skedsmo,78,University of Oslo,Norway,Oslo,,
1989,peace,1,Lhamo Thondup,male,1935,China,Taktser,54,,,,,
1989,medicine,2,Harold E. Varmus,male,1939,USA,Oceanside NY,50,University of California School of Medicine,USA,San Francisco CA,,
1989,medicine,2,J. Michael Bishop,male,1936,USA,York PA,53,University of California School of Medicine,USA,San Francisco CA,,
1989,chemistry,2,Thomas R. Cech,male,1947,USA,Chicago IL,42,University of Colorado,USA,Boulder CO,,
1989,chemistry,2,Sidney Altman,male,1939,Canada,Montreal,50,Yale University,USA,New Haven CT,,
1989,physics,4,Wolfgang Paul,male,1913,Germany,Lorenzkirch,76,University of Bonn,Germany,Bonn,,
1989,physics,2,Norman F. Ramsey,male,1915,USA,Washington D.C.,74,Harvard University,USA,Cambridge MA,,
1988,chemistry,3,Hartmut Michel,male,1948,Germany,Ludwigsburg,40,Max Planck Institute for Biophysics,Germany,Frankfurt-on-the-Main,,
1988,chemistry,3,Robert Huber,male,1937,Germany,Munich,51,Max Planck Institute for Biochemistry,Germany,Martinsried,,
1988,economics,1,Maurice Allais,male,1911,France,Paris,77,Ecole Nationale Superieure des Mines de Paris,France,Paris,,
1988,literature,1,Naguib Mahfouz,male,1911,Egypt,Cairo,77,,,,,
1988,peace,1,United Nations Peacekeeping Forces ,organisation,1905,,,83,,,,,
1988,medicine,3,George H. Hitchings,male,1980,USA,Hoquiam WA,8,Wellcome Research Laboratories,USA,Research Triangle Park NC,,
1988,medicine,3,Gertrude B. Elion,female,1918,USA,New York NY,70,Wellcome Research Laboratories,USA,Research Triangle Park NC,,
1988,medicine,3,Sir James W. Black,male,1924,Scotland,Uddingston,64,London University King's College Hospital Medical School,United Kingdom,London,,
1988,chemistry,3,Johann Deisenhofer,male,1943,Germany,Zusamaltheim,45,University of Texas Southwestern Medical Center at Dallas,USA,Dallas TX,,
1988,physics,3,Jack Steinberger,male,1921,Germany,Bad Kissingen,67,CERN,Switzerland,Geneva,,
1988,physics,3,Melvin Schwartz,male,1932,USA,New York NY,56,Digital Pathways Inc.,USA,Mountain View CA,,
1988,physics,3,Leon M. Lederman,male,1922,USA,New York NY,66,Fermi National Accelerator Laboratory,USA,Batavia IL,,
1987,peace,1,Oscar Arias Sanchez,male,1940,Costa Rica,Heredia,47,,,,,
1987,chemistry,3,Jean-Marie Lehn,male,1939,France,Rosheim,48,Universite Louis Pasteur,France,Strasbourg,,
1987,economics,1,Robert M. Solow,male,1924,USA,Brooklyn NY,63,Massachusetts Institute of Technology (MIT),USA,Cambridge MA,,
1987,literature,1,Joseph Brodsky,male,1940,Russia,St. Petersburg,47,,,,,
1987,medicine,1,Susumu Tonegawa,male,1939,Japan,Nagoya,48,Massachusetts Institute of Technology (MIT),USA,Cambridge MA,,
1987,chemistry,3,Charles J. Pedersen,male,1904,South Korea,Pusan,83,Du Pont,USA,Wilmington DE,,
1987,chemistry,3,Donald J. Cram,male,1919,USA,Chester VT,68,University of California,USA,Los Angeles CA,,
1987,physics,2,K. Alex Muller,male,1927,Switzerland,Basel,60,IBM Zurich Research Laboratory,Switzerland,Ruschlikon,,
1987,physics,2,J. Georg Bednorz,male,1950,Germany,Neuenkirchen,37,IBM Zurich Research Laboratory,Switzerland,Ruschlikon,,
1986,chemistry,3,Dudley R. Herschbach,male,1932,USA,"San Jose, CA",54,Harvard University,USA,Cambridge MA,,
1986,economics,1,James M. Buchanan Jr.,male,1919,USA,Murfreesboro TN,67,Center for Study of Public Choice,USA,Fairfax VA,,
1986,literature,1,Wole Soyinka,male,1934,Nigeria,Abeokuta,52,,,,,
1986,peace,1,Elie Wiesel,male,1928,Romania,Sighet,58,,,,,
1986,medicine,2,Rita Levi-Montalcini,female,1909,Italy,Turin,77,Institute of Cell Biology of the C.N.R.,Italy,Rome,,
1986,medicine,2,Stanley Cohen,male,1922,USA,Brooklyn NY,64,Vanderbilt University School of Medicine,USA,Nashville TN,,
1986,chemistry,3,John C. Polanyi,male,1929,Germany,Berlin,57,University of Toronto,Canada,Toronto,,
1986,chemistry,3,Yuan T. Lee,male,1936,Taiwan,Hsinchu,50,University of California,USA,Berkeley CA,,
1986,physics,4,Heinrich Rohrer,male,1933,Switzerland,Buchs,53,IBM Zurich Research Laboratory,Switzerland,Ruschlikon,,
1986,physics,4,Gerd Binnig,male,1947,Germany,Frankfurt-on-the-Main,39,IBM Zurich Research Laboratory,Switzerland,Ruschlikon,,
1986,physics,2,Ernst Ruska,male,1906,Germany,Heidelberg,80,Fritz-Haber-Institut der Max-Planck-Gesellschaft,Germany,Berlin,,
1985,physics,1,Klaus von Klitzing,male,1943,Poland,Schroda,42,Max Planck Institute for Solid State Research,Germany,Stuttgart,,
1985,economics,1,Franco Modigliani,male,1918,Italy,Rome,67,Massachusetts Institute of Technology (MIT),USA,Cambridge MA,,
1985,literature,1,Claude Simon,male,1913,Madagascar,Antananarivo,72,,,,,
1985,peace,1,International Physicians for the Prevention of Nuclear War ,organisation,1980,,,5,,,,,
1985,medicine,2,Joseph L. Goldstein,male,1940,USA,Sumter SC,45,University of Texas Southwestern Medical Center at Dallas,USA,Dallas TX,,
1985,medicine,2,Michael S. Brown,male,1941,USA,New York NY,44,University of Texas Southwestern Medical Center at Dallas,USA,Dallas TX,,
1985,chemistry,2,Jerome Karle,male,1918,USA,New York NY,67,US Naval Research Laboratory,USA,Washington D.C.,,
1985,chemistry,2,Herbert A. Hauptman,male,1917,USA,New York NY,68,The Medical Foundation of Buffalo,USA,Buffalo NY,,
1984,medicine,3,Georges J.F. Kohler,male,1946,Germany,Munich,38,Basel Institute for Immunology,Switzerland,Basel,,
1984,economics,1,Richard Stone,male,1913,United Kingdom,London,71,University of Cambridge,United Kingdom,Cambridge,,
1984,literature,1,Jaroslav Seifert,male,1901,Czech Republic,Prague,83,,,,,
1984,peace,1,Desmond Tutu,male,1931,South Africa,Klerksdorp,53,,,,,
1984,medicine,3,Cesar Milstein,male,1927,Argentina,Bahia Blanca,57,MRC Laboratory of Molecular Biology,United Kingdom,Cambridge,,
1984,medicine,3,Niels K. Jerne,male,1911,United Kingdom,London,73,Basel Institute for Immunology,Switzerland,Basel,,
1984,chemistry,1,Bruce Merrifield,male,1921,USA,Fort Worth TX,63,Rockefeller University,USA,New York NY,,
1984,physics,2,Simon van der Meer,male,1925,the Netherlands,the Hague,59,CERN,Switzerland,Geneva,,
1984,physics,2,Carlo Rubbia,male,1934,Italy,Gorizia,50,CERN,Switzerland,Geneva,,
1983,economics,1,Gerard Debreu,male,1921,France,Calais,62,University of California,USA,Berkeley CA,,
1983,literature,1,William Golding,male,1911,United Kingdom,St. Columb Minor,72,,,,,
1983,peace,1,Lech Walesa,male,1943,Poland,Popowo,40,,,,,
1983,medicine,1,Barbara McClintock,female,1902,USA,Hartford CT,81,Cold Spring Harbor Laboratory,USA,Cold Spring Harbor NY,,
1983,chemistry,1,Henry Taube,male,1915,Canada,Neudorf,68,Stanford University,USA,Stanford CA,,
1983,physics,2,William A. Fowler,male,1911,USA,Pittsburgh PA,72,California Institute of Technology (Caltech),USA,Pasadena CA,,
1983,physics,2,Subrahmanyan Chandrasekhar,male,1910,Pakistan,Lahore,73,University of Chicago,USA,Chicago IL,,
1982,literature,1,Gabriel Garcia Marquez,male,1927,Colombia,Aracataca,55,,,,,
1982,economics,1,George J. Stigler,male,1911,USA,Renton WA,71,University of Chicago,USA,Chicago IL,,
1982,peace,2,Alfonso Garcia Robles,male,1911,Mexico,Zamora,71,,,,,
1982,peace,2,Alva Myrdal,female,1902,Sweden,Uppsala,80,,,,,
1982,medicine,3,John R. Vane,male,1927,United Kingdom,Tardebigg,55,The Wellcome Research Laboratories,United Kingdom,Beckenham,,
1982,medicine,3,Bengt I. Samuelsson,male,1934,Sweden,Halmstad,48,Karolinska Institutet,Sweden,Stockholm,,
1982,medicine,3,Sune K. Bergstrom,male,1916,Sweden,Stockholm,66,Karolinska Institutet,Sweden,Stockholm,,
1982,chemistry,1,Aaron Klug,male,1926,Lithuania,Zelvas,56,MRC Laboratory of Molecular Biology,United Kingdom,Cambridge,,
1982,physics,1,Kenneth G. Wilson,male,1936,USA,Waltham MA,46,Cornell University,USA,Ithaca NY,,
1981,physics,2,Kai M. Siegbahn,male,1918,Sweden,Lund,63,Uppsala University,Sweden,Uppsala,,
1981,economics,1,James Tobin,male,1918,USA,Champaign IL,63,Yale University,USA,New Haven CT,,
1981,literature,1,Elias Canetti,male,1905,Bulgaria,Ruse,76,,,,,
1981,peace,1,Office of the United Nations High Commissioner for Refugees ,organisation,1950,,,31,,,,,
1981,medicine,4,Torsten N. Wiesel,male,1924,Sweden,Uppsala,57,Harvard Medical School,USA,Boston MA,,
1981,medicine,4,David H. Hubel,male,1926,Canada,Windsor ON,55,Harvard Medical School,USA,Boston MA,,
1981,medicine,2,Roger W. Sperry,male,1913,USA,Hartford CT,68,California Institute of Technology (Caltech),USA,Pasadena CA,,
1981,chemistry,2,Roald Hoffmann,male,1937,Ukraine,Zloczov,44,Cornell University,USA,Ithaca NY,,
1981,chemistry,2,Kenichi Fukui,male,1918,Japan,Nara,63,Kyoto University,Japan,Kyoto,,
1981,physics,4,Arthur L. Schawlow,male,1921,USA,Mount Vernon NY,60,Stanford University,USA,Stanford CA,,
1981,physics,4,Nicolaas Bloembergen,male,1920,the Netherlands,Dordrecht,61,Harvard University,USA,Cambridge MA,,
1980,medicine,3,Jean Dausset,male,1916,France,Toulouse,64,Universite de Paris Laboratoire Immuno-Hematologie,France,Paris,,
1980,literature,1,Czeslaw Milosz,male,1911,Lithuania,Seteniai,69,,,,,
1980,economics,1,Lawrence R. Klein,male,1920,USA,Omaha NE,60,University of Pennsylvania,USA,Philadelphia PA,,
1980,peace,1,Adolfo Prez Esquivel,male,1931,Argentina,Buenos Aires,49,,,,,
1980,medicine,3,George D. Snell,male,1903,USA,Bradford MA,77,Jackson Laboratory,USA,Bar Harbor ME,,
1980,medicine,3,Baruj Benacerraf,male,1920,Venezuela,Caracas,60,Harvard Medical School,USA,Boston MA,,
1980,chemistry,4,Walter Gilbert,male,1932,USA,Boston MA,48,Harvard University Biological Laboratories,USA,Cambridge MA,,
1980,chemistry,2,Paul Berg,male,1926,USA,New York NY,54,Stanford University,USA,Stanford CA,,
1980,chemistry,4,Frederick Sanger,male,1918,United Kingdom,Rendcombe,62,MRC Laboratory of Molecular Biology,United Kingdom,Cambridge,,
1980,physics,2,Val Fitch,male,1923,USA,Merriman NE,57,Princeton University,USA,Princeton NJ,,
1980,physics,2,James Cronin,male,1931,USA,Chicago IL,49,University of Chicago,USA,Chicago IL,,
1979,literature,1,Odysseus Elytis,male,1911,Greece,Iraklion,68,,,,,
1979,economics,2,Sir Arthur Lewis,male,1915,Saint Lucia,Castries,64,Princeton University,USA,Princeton NJ,,
1979,economics,2,Theodore W. Schultz,male,1902,USA,Arlington SD,77,University of Chicago,USA,Chicago IL,,
1979,peace,1,Anjeza Gonxhe Bojaxhiu,female,1910,North Macedonia,Skopje,69,,,,,
1979,medicine,2,Godfrey N. Hounsfield,male,1919,United Kingdom,Newark,60,Central Research Laboratories EMI,United Kingdom,London,,
1979,medicine,2,Allan M. Cormack,male,1924,South Africa,Johannesburg,55,Tufts University,USA,Medford MA,,
1979,chemistry,2,Georg Wittig,male,1897,Germany,Berlin,82,University of Heidelberg,Germany,Heidelberg,,
1979,chemistry,2,Herbert C. Brown,male,1912,United Kingdom,London,67,Purdue University,USA,West Lafayette IN,,
1979,physics,3,Steven Weinberg,male,1933,USA,New York NY,46,Harvard University,USA,Cambridge MA,,
1979,physics,3,Abdus Salam,male,1926,Pakistan,Jhang Maghiana,53,International Centre for Theoretical Physics,Italy,Trieste,,
1979,physics,3,Sheldon Glashow,male,1932,USA,New York NY,47,Harvard University Lyman Laboratory,USA,Cambridge MA,,
1978,medicine,3,Werner Arber,male,1929,Switzerland,Granichen,49,University Biozentrum,Switzerland,Basel,,
1978,economics,1,Herbert Simon,male,1916,USA,Milwaukee WI,62,Carnegie Mellon University,USA,Pittsburgh PA,,
1978,literature,1,Isaac Bashevis Singer,male,1904,Poland,Leoncin,74,,,,,
1978,peace,2,Menachem Begin,male,1913,Belarus,Brest Litovsk,65,,,,,
1978,peace,2,Anwar al-Sadat,male,1918,Egypt,Mit Abu al-Kawm,60,,,,,
1978,medicine,3,Hamilton O. Smith,male,1931,USA,New York NY,47,Johns Hopkins University School of Medicine,USA,Baltimore MD,,
1978,medicine,3,Daniel Nathans,male,1928,USA,Wilmington DE,50,Johns Hopkins University School of Medicine,USA,Baltimore MD,,
1978,chemistry,1,Peter Mitchell,male,1920,United Kingdom,Mitcham,58,Glynn Research Laboratories,United Kingdom,Bodmin,,
1978,physics,4,Robert Woodrow Wilson,male,1936,USA,Houston TX,42,Bell Laboratories,USA,Holmdel NJ,,
1978,physics,4,Arno Penzias,male,1933,Germany,Munich,45,Bell Laboratories,USA,Holmdel NJ,,
1978,physics,2,Pyotr Kapitsa,male,1894,Russia,Kronshtadt,84,Academy of Sciences,Russia,Moscow,,
1977,chemistry,1,Ilya Prigogine,male,1917,Russia,Moscow,60,Universite Libre de Bruxelles,Belgium,Brussels,,
1977,economics,2,Bertil Ohlin,male,1917,Sweden,Klippan,60,Stockholm School of Economics,Sweden,Stockholm,,
1977,economics,2,James E. Meade,male,1907,United Kingdom,Swanage,70,University of Cambridge,United Kingdom,Cambridge,,
1977,literature,1,Vicente Aleixandre,male,1898,Spain,Sevilla,79,,,,,
1977,peace,1,Amnesty International ,organisation,1961,,,16,,,,,
1977,medicine,2,Rosalyn Yalow,female,1921,USA,New York NY,56,Veterans Administration Hospital,USA,Bronx NY,,
1977,medicine,4,Andrew V. Schally,male,1926,Lithuania,Vilnius,51,Veterans Administration Hospital,USA,New Orleans LA,,
1977,medicine,4,Roger Guillemin,male,1924,France,Dijon,53,The Salk Institute,USA,San Diego CA,,
1977,physics,3,John H. Van Vleck,male,1899,USA,Middletown CT,78,Harvard University,USA,Cambridge MA,,
1977,physics,3,Sir Nevill F. Mott,male,1905,United Kingdom,Leeds,72,University of Cambridge,United Kingdom,Cambridge,,
1977,physics,3,Philip W. Anderson,male,1923,USA,Indianapolis IN,54,Bell Telephone Laboratories,USA,Murray Hill NJ,,
1976,medicine,2,D. Carleton Gajdusek,male,1923,USA,Yonkers NY,53,National Institutes of Health,USA,Bethesda MD,,
1976,economics,1,Milton Friedman,male,1912,USA,Brooklyn NY,64,University of Chicago,USA,Chicago IL,,
1976,literature,1,Saul Bellow,male,1915,Canada,Montreal,61,,,,,
1976,peace,2,Mairead Corrigan,female,1944,Northern Ireland,Belfast,32,,,,,
1976,peace,2,Betty Williams,female,1943,Northern Ireland,Belfast,33,,,,,
1976,medicine,2,Baruch S. Blumberg,male,1925,USA,New York NY,51,The Institute for Cancer Research,USA,Philadelphia PA,,
1976,chemistry,1,William Lipscomb,male,1919,USA,Cleveland OH,57,Harvard University,USA,Cambridge MA,,
1976,physics,2,Samuel C.C. Ting,male,1936,USA,Ann Arbor MI,40,Massachusetts Institute of Technology (MIT),USA,Cambridge MA,,
1976,physics,2,Burton Richter,male,1931,USA,Brooklyn NY,45,Stanford Linear Accelerator Center,USA,Stanford CA,,
1975,chemistry,2,Vladimir Prelog,male,1906,Bosnia and Herzegovina,Sarajevo,69,Swiss Federal Institute of Technology (ETH Zurich),Switzerland,Zurich,,
1975,economics,2,Tjalling C. Koopmans,male,1910,Netherlands,S Graveland,65,Yale University,USA,New Haven CT,,
1975,economics,2,Leonid Vitaliyevich Kantorovich,male,1912,Russia,St. Petersburg,63,Academy of Sciences,Russia,Moscow,,
1975,peace,1,Andrei Sakharov,male,1921,Russia,Moscow,54,,,,,
1975,medicine,3,Howard M. Temin,male,1934,USA,Philadelphia PA,41,University of Wisconsin,USA,Madison WI,,
1975,medicine,3,Renato Dulbecco,male,1914,Italy,Catanzaro,61,Imperial Cancer Research Fund Laboratory,United Kingdom,London,,
1975,medicine,3,David Baltimore,male,1938,USA,New York NY,37,Massachusetts Institute of Technology (MIT),USA,Cambridge MA,,
1975,chemistry,2,John Cornforth,male,1917,Australia,Sydney,58,University of Sussex,United Kingdom,Brighton,,
1975,physics,3,James Rainwater,male,1917,USA,Council ID,58,Columbia University,USA,New York NY,,
1975,physics,3,Ben R. Mottelson,male,1926,USA,Chicago IL,49,Nordita,Denmark,Copenhagen,,
1975,physics,3,Aage N. Bohr,male,1922,Denmark,Copenhagen,53,Niels Bohr Institute,Denmark,Copenhagen,,
1974,literature,2,Harry Martinson,male,1904,Sweden,Jamshog,70,,,,,
1974,literature,2,Eyvind Johnson,male,1900,Sweden,Svartbjornsbyn,74,,,,,
1974,peace,2,Eisaku Sato,male,1901,Japan,Tabuse,73,,,,,
1974,peace,2,Sen MacBride,male,1904,France,Paris,70,,,,,
1974,medicine,3,George E. Palade,male,1912,Romania,Iasi,62,Yale University School of Medicine,USA,New Haven CT,,
1974,medicine,3,Christian de Duve,male,1917,United Kingdom,Thames Ditton,57,Rockefeller University,USA,New York NY,,
1974,chemistry,1,Paul J. Flory,male,1910,USA,Sterling IL,64,Stanford University,USA,Stanford CA,,
1974,physics,2,Antony Hewish,male,1924,United Kingdom,Fowey,50,University of Cambridge,United Kingdom,Cambridge,,
1974,physics,2,Martin Ryle,male,1918,United Kingdom,Brighton,56,University of Cambridge,United Kingdom,Cambridge,,
1973,medicine,3,Konrad Lorenz,male,1903,Austria,Vienna,70,"Konrad Lorenz Institute of the Austrian Academy of Sciences, Research Station for Ethology",Austria,Altenberg; Grunau im Almtal,,
1973,peace,2,Henry Kissinger,male,1923,Germany,Furth,50,,,,,
1973,economics,1,Wassily Leontief,male,1906,Russia,St. Petersburg,67,Harvard University,USA,Cambridge MA,,
1973,literature,1,Patrick White,male,1912,United Kingdom,London,61,,,,,
1973,peace,2,Le Duc Tho ,male,1911,Vietnam,Nam Ha province,62,,,,,
1973,medicine,3,Nikolaas Tinbergen,male,1907,the Netherlands,the Hague,66,University of Oxford,United Kingdom,Oxford,,
1973,chemistry,2,Geoffrey Wilkinson,male,1921,United Kingdom,Todmorden,52,Imperial College,United Kingdom,London,,
1973,chemistry,2,Ernst Otto Fischer,male,1918,Germany,Munich,55,Technical University,Germany,Munich,,
1973,physics,2,Brian D. Josephson,male,1940,United Kingdom,Cardiff,33,University of Cambridge,United Kingdom,Cambridge,,
1973,physics,4,Ivar Giaever,male,1929,Norway,Bergen,44,General Electric Company,USA,Schenectady NY,,
1973,physics,4,Leo Esaki,male,1925,Japan,Osaka,48,IBM Thomas J. Watson Research Center,USA,Yorktown Heights NY,,
1972,literature,1,Heinrich Boll,male,1917,Germany,Cologne,55,,,,,
1972,economics,2,Kenneth J. Arrow,male,1921,USA,New York NY,51,Harvard University,USA,Cambridge MA,,
1972,economics,2,John R. Hicks,male,1904,United Kingdom,Warwick,68,All Souls College,United Kingdom,Oxford,,
1972,medicine,2,Rodney R. Porter,male,1917,United Kingdom,Newton-le-Willows,55,University of Oxford,United Kingdom,Oxford,,
1972,medicine,2,Gerald M. Edelman,male,1929,USA,New York NY,43,Rockefeller University,USA,New York NY,,
1972,chemistry,4,William H. Stein,male,1911,USA,New York NY,61,Rockefeller University,USA,New York NY,,
1972,chemistry,4,Stanford Moore,male,1913,USA,Chicago IL,59,Rockefeller University,USA,New York NY,,
1972,chemistry,2,Christian Anfinsen,male,1916,USA,Monessen PA,56,National Institutes of Health,USA,Bethesda MD,,
1972,physics,3,Robert Schrieffer,male,1931,USA,Oak Park IL,41,University of Pennsylvania,USA,Philadelphia PA,,
1972,physics,3,Leon N. Cooper,male,1930,USA,New York NY,42,Brown University,USA,Providence RI,,
1972,physics,3,John Bardeen,male,1908,USA,Madison WI,64,University of Illinois,USA,Urbana IL,,
1971,peace,1,Willy Brandt,male,1913,Germany,Lubeck,58,,,,,
1971,economics,1,Simon Kuznets,male,1901,Belarus,Pinsk,70,Harvard University,USA,Cambridge MA,,
1971,literature,1,Pablo Neruda,male,1904,Chile,Parral,67,,,,,
1971,medicine,1,Earl W. Sutherland Jr.,male,1915,USA,Burlingame KS,56,Vanderbilt University,USA,Nashville TN,,
1971,chemistry,1,Gerhard Herzberg,male,1904,Germany,Hamburg,67,National Research Council of Canada,Canada,Ottawa,,
1971,physics,1,Dennis Gabor,male,1900,Hungary,Budapest,71,Imperial College,United Kingdom,London,,
1970,physics,2,Louis Neel,male,1904,France,Lyon,66,University of Grenoble,France,Grenoble,,
1970,physics,2,Hannes Alfven,male,1908,Sweden,Norrkoping,62,Royal Institute of Technology,Sweden,Stockholm,,
1970,economics,1,Paul A. Samuelson,male,1915,USA,Gary IN,55,Massachusetts Institute of Technology (MIT),USA,Cambridge MA,,
1970,literature,1,Alexandr Solzhenitsyn,male,1918,Russia,Kislovodsk,52,,,,,
1970,peace,1,Norman Borlaug,male,1914,USA,Cresco IA,56,,,,,
1970,medicine,3,Julius Axelrod,male,1912,USA,New York NY,58,National Institutes of Health,USA,Bethesda MD,,
1970,medicine,3,Ulf von Euler,male,1905,Sweden,Stockholm,65,Karolinska Institutet,Sweden,Stockholm,,
1970,medicine,3,Sir Bernard Katz,male,1911,Germany,Leipzig,59,University College,United Kingdom,London,,
1970,chemistry,1,Luis Leloir,male,1906,France,Paris,64,Institute for Biochemical Research,Argentina,Buenos Aires,,
1969,economics,2,Jan Tinbergen,male,1903,the Netherlands,the Hague,66,The Netherlands School of Economics,the Netherlands,Rotterdam,,
1969,literature,1,Samuel Beckett,male,1906,Ireland,Dublin,63,,,,,
1969,peace,1,International Labour Organization ,organisation,1919,,,50,,,,,
1969,medicine,3,Salvador E. Luria,male,1912,Italy,Turin,57,Massachusetts Institute of Technology (MIT),USA,Cambridge MA,,
1969,medicine,3,Alfred D. Hershey,male,1908,USA,Owosso MI,61,Carnegie Institution of Washington,USA,Long Island New York NY,,
1969,medicine,3,Max Delbrck,male,1906,Germany,Berlin,63,California Institute of Technology (Caltech),USA,Pasadena CA,,
1969,chemistry,2,Derek Barton,male,1918,United Kingdom,Gravesend,51,Imperial College,United Kingdom,London,,
1969,physics,1,Murray Gell-Mann,male,1929,USA,New York NY,40,California Institute of Technology (Caltech),USA,Pasadena CA,,
1968,literature,1,Yasunari Kawabata,male,1899,Japan,Osaka,69,,,,,
1968,peace,1,Ren Cassin,male,1897,France,Bayonne,71,,,,,
1968,medicine,3,Marshall W. Nirenberg,male,1927,USA,New York NY,41,National Institutes of Health,USA,Bethesda MD,,
1968,medicine,3,H. Gobind Khorana,male,1922,India,Raipur,46,University of Wisconsin,USA,Madison WI,,
1968,medicine,3,Robert W. Holley,male,1922,USA,Urbana IL,46,Cornell University,USA,Ithaca NY,,
1968,chemistry,1,Lars Onsager,male,1903,Norway,Oslo,65,Yale University,USA,New Haven CT,,
1968,physics,1,Luis Alvarez,male,1911,USA,San Francisco CA,57,University of California,USA,Berkeley CA,,
1967,chemistry,2,Manfred Eigen,male,1927,Germany,Bochum,40,Max Planck Institute for Physical Chemistry,Germany,Gottingen,,
1967,medicine,3,George Wald,male,1906,USA,New York NY,61,Harvard University,USA,Cambridge MA,,
1967,medicine,3,Keffer Hartline,male,1903,USA,Bloomsburg PA,64,Rockefeller University,USA,New York NY,,
1967,medicine,3,Ragnar Granit,male,1900,Finland,Helsinki,67,Karolinska Institutet,Sweden,Stockholm,,
1967,chemistry,4,George Porter,male,1920,United Kingdom,Stainforth,47,Royal Institution of Great Britain,United Kingdom,London,,
1967,physics,1,Hans Bethe,male,1906,France,Strasbourg,61,Cornell University,USA,Ithaca NY,,
1966,physics,1,Alfred Kastler,male,1902,France,Guebwiller,64,Ecole Normale Superieure,France,Paris,,
1966,medicine,2,Charles B. Huggins,male,1901,Canada,Halifax Nova Scotia,65,University of Chicago Ben May Laboratory for Cancer Research,USA,Chicago IL,,
1965,literature,1,Mikhail Sholokhov,male,1905,Russia,Veshenskaya,60,,,,,
1965,peace,1,United Nations Children's Fund ,organisation,1946,,,19,,,,,
1965,medicine,3,Jacques Monod,male,1910,France,Paris,55,Institut Pasteur,France,Paris,,
1965,medicine,3,Andr Lwoff,male,1902,France,Ainay le Chacteau,63,Institut Pasteur,France,Paris,,
1965,medicine,3,Franois Jacob,male,1920,France,Nancy,45,Institut Pasteur,France,Paris,,
1965,chemistry,1,Robert B. Woodward,male,1917,USA,Boston MA,48,Harvard University,USA,Cambridge MA,,
1965,physics,3,Richard P. Feynman,male,1918,USA,New York NY,47,California Institute of Technology (Caltech),USA,Pasadena CA,,
1965,physics,3,Julian Schwinger,male,1918,USA,New York NY,47,Harvard University,USA,Cambridge MA,,
1965,physics,3,Sin-Itiro Tomonaga,male,1906,Japan,Kyoto,59,Tokyo University of Education,Japan,Tokyo,,
1964,medicine,2,Feodor Lynen,male,1911,Germany,Munich,53,Max Planck Institute for Cell Chemistry,Germany,Munich,,
1964,literature,1,Jean-Paul Sartre,male,1905,France,Paris,59,,,,,
1964,peace,1,Martin Luther King Jr.,male,1929,USA,Atlanta GA,35,,,,,
1964,medicine,2,Konrad Bloch,male,1912,Poland,Nysa,52,Harvard University,USA,Cambridge MA,,
1964,chemistry,1,Dorothy Crowfoot Hodgkin,female,1910,Egypt,Cairo,54,University of Oxford Royal Society,United Kingdom,Oxford,,
1964,physics,4,Aleksandr M. Prokhorov,male,1916,Australia,Atherton,48,P.N. Lebedev Physical Institute,Russia,Moscow,,
1964,physics,4,Nicolay G. Basov,male,1922,Russia,Usman,42,P.N. Lebedev Physical Institute,Russia,Moscow,,
1964,physics,2,Charles H. Townes,male,1915,USA,Greenville SC,49,Massachusetts Institute of Technology (MIT),USA,Cambridge MA,,
1963,chemistry,2,Karl Ziegler,male,1898,Germany,Helsa,65,Max Planck Institute for Coal Research,Germany,Mulheim an der Ruhr,,
1963,literature,1,Giorgos Seferis,male,1900,Turkiye,Izmir,63,,,,,
1963,peace,2,League of Red Cross Societies ,organisation,1919,,,44,,,,,
1963,peace,2,International Committee of the Red Cross ,organisation,1863,,,100,,,,,
1963,medicine,3,Andrew Huxley,male,1917,United Kingdom,Hampstead,46,University College,United Kingdom,London,,
1963,medicine,3,Alan Hodgkin,male,1914,United Kingdom,Banbury,49,University of Cambridge,United Kingdom,Cambridge,,
1963,medicine,3,Sir John Eccles,male,1903,Australia,Melbourne,60,Australian National University,Australia,Canberra,,
1963,chemistry,2,Giulio Natta,male,1903,Italy,Imperia,60,Institute of Technology,Italy,Milan,,
1963,physics,4,J. Hans D. Jensen,male,1907,Germany,Hamburg,56,University of Heidelberg,Germany,Heidelberg,,
1963,physics,4,Maria Goeppert Mayer,female,1906,Poland,Katowice,57,University of California,USA,San Diego CA,,
1963,physics,2,Eugene Wigner,male,1902,Hungary,Budapest,61,Princeton University,USA,Princeton NJ,,
1962,literature,1,John Steinbeck,male,1902,USA,Salinas CA,60,,,,,
1962,medicine,3,Maurice Wilkins,male,1916,New Zealand,Pongaroa,46,London University,United Kingdom,London,,
1962,medicine,3,James Watson,male,1928,USA,Chicago IL,34,Harvard University,USA,Cambridge MA,,
1962,medicine,3,Francis Crick,male,1916,United Kingdom,Northampton,46,MRC Laboratory of Molecular Biology,United Kingdom,Cambridge,,
1962,chemistry,2,John C. Kendrew,male,1917,United Kingdom,Oxford,45,MRC Laboratory of Molecular Biology,United Kingdom,Cambridge,,
1962,chemistry,2,Max F. Perutz,male,1914,Austria,Vienna,48,MRC Laboratory of Molecular Biology,United Kingdom,Cambridge,,
1962,peace,1,Linus Pauling,male,1901,USA,Portland OR,61,California Institute of Technology (Caltech),USA,Pasadena CA,,
1962,physics,1,Lev Landau,male,1908,Azerbaijan,Baku,54,Academy of Sciences,Russia,Moscow,,
1961,physics,2,Rudolf Mossbauer,male,1929,Germany,Munich,32,Technical University,Germany,Munich,,
1961,peace,1,Dag Hammarskjld,male,1905,Sweden,Jonkoping,56,,,,,
1961,chemistry,1,Melvin Calvin,male,1911,USA,St. Paul MN,50,University of California,USA,Berkeley CA,,
1961,physics,2,Robert Hofstadter,male,1915,USA,New York NY,46,Stanford University,USA,Stanford CA,,
1960,medicine,2,Peter Medawar,male,1915,Brazil,Rio de Janeiro,45,University College,United Kingdom,London,,
1960,chemistry,1,Willard F. Libby,male,1908,USA,Grand Valley CO,52,University of California,USA,Los Angeles CA,,
1960,physics,1,Donald A. Glaser,male,1926,USA,Cleveland OH,34,University of California,USA,Berkeley CA,,
1959,literature,1,Salvatore Quasimodo,male,1901,Italy,Modica,58,,,,,
1959,medicine,2,Arthur Kornberg,male,1918,USA,Brooklyn NY,41,Stanford University,USA,Stanford CA,,
1959,medicine,2,Severo Ochoa,male,1905,Spain,Luarca,54,New York University College of Medicine,USA,New York NY,,
1959,physics,2,Owen Chamberlain,male,1920,USA,San Francisco CA,39,University of California,USA,Berkeley CA,,
1959,physics,2,Emilio Segre,male,1905,Italy,Tivoli,54,University of California,USA,Berkeley CA,,
1958,physics,3,Il'ja M. Frank,male,1908,Russia,St. Petersburg,50,Lomonosov Moscow State University,Russia,Moscow,,
1958,peace,1,Georges Pire,male,1910,Belgium,Dinant,48,,,,,
1958,medicine,2,Joshua Lederberg,male,1925,USA,Montclair NJ,33,University of Wisconsin,USA,Madison WI,,
1958,medicine,4,Edward Tatum,male,1909,USA,Boulder CO,49,Rockefeller Institute for Medical Research,USA,New York NY,,
1958,medicine,4,George Beadle,male,1903,USA,Wahoo NE,55,California Institute of Technology (Caltech),USA,Pasadena CA,,
1958,chemistry,1,Frederick Sanger,male,1918,United Kingdom,Rendcombe,40,University of Cambridge,United Kingdom,Cambridge,,
1958,physics,3,Pavel A. Cherenkov,male,1904,Russia,Novaya Chigla,54,P.N. Lebedev Physical Institute,Russia,Moscow,,
1957,medicine,1,Daniel Bovet,male,1907,Switzerland,Neuchatel,50,Superior Health Institute (Chief Institute of Public Health),Italy,Rome,,
1957,literature,1,Albert Camus,male,1913,Algeria,Mondovi,44,,,,,
1957,chemistry,1,Lord Todd,male,1907,Scotland,Glasgow,50,University of Cambridge,United Kingdom,Cambridge,,
1957,physics,2,Tsung-Dao Lee,male,1926,China,Shanghai,31,Columbia University,USA,New York NY,,
1957,physics,2,Chen Ning Yang,male,1922,China,Hofei Anhwei,35,Institute for Advanced Study,USA,Princeton NJ,,
1956,literature,1,Juan Ramon Jimenez,male,1881,Spain,Moguer,75,,,,,
1956,medicine,3,Dickinson W. Richards,male,1895,USA,Orange NJ,61,Columbia University,USA,New York NY,,
1956,medicine,3,Werner Forssmann,male,1904,Germany,Berlin,52,Mainz University,Germany,Mainz,,
1956,medicine,3,Andra F Cournand,male,1895,France,Paris,61,Columbia University Division Cardio-Pulmonary Laboratory Bellevue Hospital,USA,New York NY,,
1956,chemistry,2,Nikolay Semenov,male,1896,Russia,Saratov,60,Institute for Chemical Physics of the Academy of Sciences of the USSR,Russia,Moscow,,
1956,chemistry,2,Sir Cyril Hinshelwood,male,1897,United Kingdom,London,59,University of Oxford,United Kingdom,Oxford,,
1956,physics,3,Walter H. Brattain,male,1902,China,Amoy,54,Bell Telephone Laboratories,USA,Murray Hill NJ,,
1956,physics,3,John Bardeen,male,1908,USA,Madison WI,48,University of Illinois,USA,Urbana IL,,
1956,physics,3,William B. Shockley,male,1910,United Kingdom,London,46,Semiconductor Laboratory of Beckman Instruments Inc.,USA,Mountain View CA,,
1955,literature,1,Halldor Laxness,male,1902,Iceland,Reykjavik,53,,,,,
1955,medicine,1,Hugo Theorell,male,1903,Sweden,Linkoping,52,Karolinska Institutet Nobel Medical Institute,Sweden,Stockholm,,
1955,chemistry,1,Vincent du Vigneaud,male,1901,USA,Chicago IL,54,Cornell University,USA,Ithaca NY,,
1955,physics,2,Polykarp Kusch,male,1911,Germany,Blankenburg,44,Columbia University,USA,New York NY,,
1955,physics,2,Willis E. Lamb,male,1913,USA,Los Angeles CA,42,Stanford University,USA,Stanford CA,,
1954,literature,1,Ernest Hemingway,male,1899,USA,Oak Park IL,55,,,,,
1954,peace,1,Office of the United Nations High Commissioner for Refugees ,organisation,1950,,,4,,,,,
1954,medicine,3,Frederick C. Robbins,male,1916,USA,Auburn AL,38,Western Reserve University,USA,Cleveland OH,,
1954,medicine,3,Thomas H. Weller,male,1915,USA,Ann Arbor MI,39,Research Division of Infectious Diseases Children's Medical Center,USA,Boston MA,,
1954,medicine,3,John F. Enders,male,1897,USA,West Hartford CT,57,Harvard Medical School,USA,Boston MA,,
1954,chemistry,1,Linus Pauling,male,1901,USA,Portland OR,53,California Institute of Technology (Caltech),USA,Pasadena CA,,
1954,physics,2,Walther Bothe,male,1891,Germany,Oranienburg,63,University of Heidelberg,Germany,Heidelberg,,
1954,physics,2,Max Born,male,1882,Poland,Wroclaw,72,Edinburgh University,United Kingdom,Edinburgh,,
1953,literature,1,Winston Churchill,male,1874,United Kingdom,Woodstock,79,,,,,
1953,peace,1,George C. Marshall,male,1880,USA,Uniontown PA,73,,,,,
1953,medicine,2,Fritz Lipmann,male,1899,Russia,Kaliningrad,54,Harvard Medical School,USA,Boston MA,,
1953,medicine,2,Hans Krebs,male,1900,Germany,Hildesheim,53,Sheffield University,United Kingdom,Sheffield,,
1953,chemistry,1,Hermann Staudinger,male,1881,Germany,Worms,72,University of Freiburg,Germany,Breisgau,,
1953,physics,1,Frits Zernike,male,1888,the Netherlands,Amsterdam,65,Groningen University,the Netherlands,Groningen,,
1952,peace,1,Albert Schweitzer,male,1875,France,Kaysersberg,77,,,,,
1952,literature,1,Franois Mauriac,male,1885,France,Bordeaux,67,,,,,
1952,medicine,1,Selman A. Waksman,male,1888,Ukraine,Nova Pryluka,64,Rutgers University,USA,New Brunswick NJ,,
1952,chemistry,2,Richard L.M. Synge,male,1914,United Kingdom,Liverpool,38,Rowett Research Institute,United Kingdom,Bucksburn (Scotland),,
1952,chemistry,2,Archer J.P. Martin,male,1910,United Kingdom,London,42,National Institute for Medical Research,United Kingdom,London,,
1952,physics,2,E. M. Purcell,male,1912,USA,Taylorville IL,40,Harvard University,USA,Cambridge MA,,
1952,physics,2,Felix Bloch,male,1905,Switzerland,Zurich,47,Stanford University,USA,Stanford CA,,
1951,literature,1,Par Lagerkvist,male,1891,Sweden,Vaxjo,60,,,,,
1951,peace,1,Leon Jouhaux,male,1879,France,Paris,72,,,,,
1951,medicine,1,Max Theiler,male,1899,South Africa,Pretoria,52,Laboratories of the Division of Medicine and Public Health Rockefeller Foundation,USA,New York NY,,
1951,chemistry,2,Glenn T. Seaborg,male,1912,USA,Ishpeming MI,39,University of California,USA,Berkeley CA,,
1951,chemistry,2,Edwin M. McMillan,male,1907,USA,Redondo Beach CA,44,University of California,USA,Berkeley CA,,
1951,physics,2,Ernest T.S. Walton,male,1903,Ireland,Dungarvan,48,Trinity College,Ireland,Dublin,,
1951,physics,2,John Cockcroft,male,1897,United Kingdom,Todmorden,54,Atomic Energy Research Establishment,United Kingdom,Harwell Berkshire,,
1950,chemistry,2,Kurt Alder,male,1902,Poland,Chorzow,48,Cologne University,Germany,Cologne,,
1950,literature,1,Bertrand Russell,male,1872,United Kingdom,Trelleck,78,,,,,
1950,peace,1,Ralph Bunche,male,1904,USA,Detroit MI,46,Harvard University,USA,Cambridge MA,,
1950,medicine,3,Philip S. Hench,male,1896,USA,Pittsburgh PA,54,Mayo Clinic,USA,Rochester MN,,
1950,medicine,3,Tadeus Reichstein,male,1897,Poland,Wloclawek,53,Basel University,Switzerland,Basel,,
1950,medicine,3,Edward C. Kendall,male,1886,USA,South Norwalk CT,64,Mayo Clinic,USA,Rochester MN,,
1950,chemistry,2,Otto Diels,male,1876,Germany,Hamburg,74,Kiel University,Germany,Kiel,,
1950,physics,1,Cecil Powell,male,1903,United Kingdom,Tonbridge,47,Bristol University,United Kingdom,Bristol,,
1949,literature,1,William Faulkner,male,1897,USA,New Albany MS,52,,,,,
1949,peace,1,John Boyd Orr,male,1880,Scotland,Kilmaurs,69,,,,,
1949,medicine,2,Egas Moniz,male,1874,Portugal,Avanca,75,University of Lisbon,Portugal,Lisbon,,
1949,medicine,2,Walter Hess,male,1881,Switzerland,Frauenfeld,68,University of Zurich,Switzerland,Zurich,,
1949,chemistry,1,William F. Giauque,male,1895,Canada,Niagara Falls,54,University of California,USA,Berkeley CA,,
1949,physics,1,Hideki Yukawa,male,1907,Japan,Tokyo,42,Columbia University,USA,New York NY,,
1948,medicine,1,Paul Muller,male,1899,Switzerland,Olten,49,Laboratorium der Farben-Fabriken J.R. Geigy A.G. (Laboratory of the J.R. Geigy Dye-Factory Co.),Switzerland,Basel,,
1948,literature,1,T.S. Eliot,male,1888,USA,St. Louis MO,60,,,,,
1948,chemistry,1,Arne Tiselius,male,1902,Sweden,Stockholm,46,Uppsala University,Sweden,Uppsala,,
1948,physics,1,Patrick M.S. Blackett,male,1897,United Kingdom,London,51,Victoria University,United Kingdom,Manchester,,
1947,literature,1,Andra Gide,male,1869,France,Paris,78,,,,,
1947,peace,2,American Friends Service Committee ,organisation,1917,,,30,,,,,
1947,peace,2,Friends Service Council ,organisation,1927,,,20,,,,,
1947,medicine,2,Bernardo Houssay,male,1887,Argentina,Buenos Aires,60,Instituto de Biologia y Medicina Experimental (Institute for Biology and Experimental Medicine),Argentina,Buenos Aires,,
1947,medicine,4,Gerty Cori,female,1896,Czech Republic,Prague,51,Washington University,USA,St. Louis MO,,
1947,medicine,4,Carl Cori,male,1896,Czech Republic,Prague,51,Washington University,USA,St. Louis MO,,
1947,chemistry,1,Sir Robert Robinson,male,1886,United Kingdom,Rufford near Chesterfield,61,University of Oxford,United Kingdom,Oxford,,
1947,physics,1,Edward V. Appleton,male,1892,United Kingdom,Bradford,55,Department of Scientific and Industrial Research,United Kingdom,London,,
1946,literature,1,Hermann Hesse,male,1877,Germany,Calw,69,,,,,
1946,peace,2,John R. Mott,male,1865,USA,Livingston Manor NY,81,,,,,
1946,peace,2,Emily Greene Balch,female,1867,USA,Boston MA,79,,,,,
1946,medicine,1,Hermann J. Muller,male,1890,USA,New York NY,56,Indiana University,USA,Bloomington IN,,
1946,chemistry,4,Wendell M. Stanley,male,1904,USA,Ridgeville IN,42,Rockefeller Institute for Medical Research,USA,Princeton NJ,,
1946,chemistry,4,John H. Northrop,male,1891,USA,Yonkers NY,55,Rockefeller Institute for Medical Research,USA,Princeton NJ,,
1946,chemistry,2,James B. Sumner,male,1887,USA,Canton MA,59,Cornell University,USA,Ithaca NY,,
1946,physics,1,Percy W. Bridgman,male,1882,USA,Cambridge MA,64,Harvard University,USA,Cambridge MA,,
1945,literature,1,Gabriela Mistral,female,1889,Chile,Vicuaa,56,,,,,
1945,peace,1,Cordell Hull,male,1871,USA,Olympus TN,74,,,,,
1945,medicine,3,Sir Howard Florey,male,1898,Australia,Adelaide,47,University of Oxford,United Kingdom,Oxford,,
1945,medicine,3,Ernst B. Chain,male,1906,Germany,Berlin,39,University of Oxford,United Kingdom,Oxford,,
1945,medicine,3,Sir Alexander Fleming,male,1881,Scotland,Lochfield,64,London University,United Kingdom,London,,
1945,chemistry,1,Artturi Virtanen,male,1895,Finland,Helsinki,50,University of Helsinki,Finland,Helsinki,,
1945,physics,1,Wolfgang Pauli,male,1900,Austria,Vienna,45,Princeton University,USA,Princeton NJ,,
1944,chemistry,1,Otto Hahn,male,1879,Germany,Frankfurt-on-the-Main,65,Kaiser Wilhelm Institute (now Max Planck Institute) for Chemistry,Germany,Berlin-Dahlem,,
1944,literature,1,Johannes V. Jensen,male,1873,Denmark,Farso,71,,,,,
1944,peace,1,International Committee of the Red Cross ,organisation,1863,,,81,,,,,
1944,medicine,2,Herbert S. Gasser,male,1888,USA,Platteville WI,56,Rockefeller Institute for Medical Research,USA,New York NY,,
1944,medicine,2,Joseph Erlanger,male,1874,USA,San Francisco CA,70,Washington University,USA,St. Louis MO,,
1944,physics,1,Isidor Isaac Rabi,male,1898,Poland,Rymanow,46,Columbia University,USA,New York NY,,
1943,medicine,2,Edward A. Doisy,male,1893,USA,Hume IL,50,Saint Louis University,USA,St. Louis MO,,
1943,medicine,2,Henrik Dam,male,1895,Denmark,Copenhagen,48,Polytechnic Institute,Denmark,Copenhagen,,
1943,chemistry,1,George de Hevesy,male,1885,Hungary,Budapest,58,Stockholm University,Sweden,Stockholm,,
1943,physics,1,Otto Stern,male,1888,Poland,Zory,55,Carnegie Institute of Technology,USA,Pittsburgh PA,,
1939,chemistry,2,Leopold Ruzicka,male,1887,Croatia,Vukovar,52,Swiss Federal Institute of Technology (ETH Zurich),Switzerland,Zurich,,
1939,chemistry,2,Adolf Butenandt,male,1903,Germany,Bremerhaven-Lehe,36,Kaiser Wilhelm Institute (now Max Planck Institute) for Biochemistry,Germany,Berlin-Dahlem,,
1939,literature,1,Frans Eemil Sillanpaa,male,1888,Finland,Hameenkyro,51,,,,,
1939,medicine,1,Gerhard Domagk,male,1895,Poland,Lagow,44,Munster University,Germany,Munster,,
1939,physics,1,Ernest Lawrence,male,1901,USA,Canton SD,38,University of California,USA,Berkeley CA,,
1938,chemistry,1,Richard Kuhn,male,1900,Austria,Vienna,38,Kaiser Wilhelm Institute (now Max Planck Institute) for Medical Research,Germany,Heidelberg,,
1938,literature,1,Pearl Buck,female,1892,USA,Hillsboro WV,46,,,,,
1938,peace,1,Nansen International Office for Refugees ,organisation,1921,,,17,,,,,
1938,medicine,1,Corneille Heymans,male,1892,Belgium,Ghent,46,Ghent University,Belgium,Ghent,,
1938,physics,1,Enrico Fermi,male,1901,Italy,Rome,37,Rome University,Italy,Rome,,
1937,literature,1,Roger Martin du Gard,male,1881,France,Neuilly sur Seine,56,,,,,
1937,peace,1,Robert Cecil,male,1864,United Kingdom,London,73,,,,,
1937,medicine,1,Albert Szent Gyorgyi,male,1893,Hungary,Budapest,44,Szeged University,Hungary,Szeged,,
1937,chemistry,2,Paul Karrer,male,1889,Russia,Moscow,48,University of Zurich,Switzerland,Zurich,,
1937,chemistry,2,Norman Haworth,male,1883,United Kingdom,Chorley,54,Birmingham University,United Kingdom,Birmingham,,
1937,physics,2,George Paget Thomson,male,1892,United Kingdom,Cambridge,45,London University,United Kingdom,London,,
1937,physics,2,Clinton Davisson,male,1881,USA,Bloomington IL,56,Bell Telephone Laboratories,USA,New York NY,,
1936,literature,1,Eugene O'Neill,male,1888,USA,New York NY,48,,,,,
1936,peace,1,Carlos Saavedra Lamas,male,1878,Argentina,Buenos Aires,58,,,,,
1936,medicine,2,Otto Loewi,male,1873,Germany,Frankfurt-on-the-Main,63,Graz University,Austria,Graz,,
1936,medicine,2,Sir Henry Dale,male,1875,United Kingdom,London,61,National Institute for Medical Research,United Kingdom,London,,
1936,chemistry,1,Peter Debye,male,1884,the Netherlands,Maastricht,52,Berlin University,Germany,Berlin,,
1936,physics,2,Carl D. Anderson,male,1905,USA,New York NY,31,California Institute of Technology (Caltech),USA,Pasadena CA,,
1936,physics,2,Victor F. Hess,male,1883,Austria,Peggau,53,Innsbruck University,Austria,Innsbruck,,
1935,chemistry,2,Irene Joliot-Curie,female,1897,France,Paris,38,Institut du Radium,France,Paris,,
1935,peace,1,Carl von Ossietzky,male,1889,Germany,Hamburg,46,,,,,
1935,medicine,1,Hans Spemann,male,1869,Germany,Stuttgart,66,University of Freiburg im Breisgau,Germany,Breisgau,,
1935,chemistry,2,Frederic Joliot,male,1900,France,Paris,35,Institut du Radium,France,Paris,,
1935,physics,1,James Chadwick,male,1891,United Kingdom,Manchester,44,Liverpool University,United Kingdom,Liverpool,,
1934,literature,1,Luigi Pirandello,male,1867,Italy,Agrigento Sicily,67,,,,,
1934,peace,1,Arthur Henderson,male,1863,Scotland,Glasgow,71,,,,,
1934,medicine,3,William P. Murphy,male,1892,USA,Stoughton WI,42,Harvard University,USA,Cambridge MA,,
1934,medicine,3,George R. Minot,male,1885,USA,Boston MA,49,Harvard University,USA,Cambridge MA,,
1934,medicine,3,George H. Whipple,male,1878,USA,Ashland NH,56,University of Rochester,USA,Rochester NY,,
1934,chemistry,1,Harold C. Urey,male,1893,USA,Walkerton IN,41,Columbia University,USA,New York NY,,
1933,literature,1,Ivan Bunin,male,1870,Russia,Voronezh,63,,,,,
1933,peace,1,Sir Norman Angell,male,1872,United Kingdom,Holbeach,61,,,,,
1933,medicine,1,Thomas H. Morgan,male,1866,USA,Lexington KY,67,California Institute of Technology (Caltech),USA,Pasadena CA,,
1933,physics,2,Paul A.M. Dirac,male,1902,United Kingdom,Bristol,31,University of Cambridge,United Kingdom,Cambridge,,
1933,physics,2,Erwin Schradinger,male,1887,Austria,Vienna,46,Berlin University,Germany,Berlin,,
1932,physics,1,Werner Heisenberg,male,1901,Germany,Wurzburg,31,Leipzig University,Germany,Leipzig,,
1932,literature,1,John Galsworthy,male,1867,United Kingdom,Kingston Hill,65,,,,,
1932,medicine,2,Edgar Adrian,male,1889,United Kingdom,London,43,University of Cambridge,United Kingdom,Cambridge,,
1932,medicine,2,Sir Charles Sherrington,male,1857,United Kingdom,London,75,University of Oxford,United Kingdom,Oxford,,
1932,chemistry,1,Irving Langmuir,male,1881,USA,Brooklyn NY,51,General Electric Company,USA,Schenectady NY,,
1931,medicine,1,Otto Warburg,male,1883,Germany,Freiburg im Breisgau,48,Kaiser Wilhelm Institute (now Max Planck Institute) for Biology,Germany,Berlin-Dahlem,,
1931,literature,1,Erik Axel Karlfeldt,male,1864,Sweden,Karlbo,67,,,,,
1931,peace,2,Nicholas Murray Butler,male,1862,USA,Elizabeth NJ,69,Columbia University,USA,New York NY,,
1931,peace,2,Jane Addams,female,1860,USA,Cedarville IL,71,,,,,
1931,chemistry,2,Friedrich Bergius,male,1884,Poland,Goldschmieden near Breslau,47,University of Heidelberg,Germany,Heidelberg,,
1931,chemistry,2,Carl Bosch,male,1874,Germany,Cologne,57,University of Heidelberg,Germany,Heidelberg,,
1930,peace,1,Nathan Soderblom,male,1866,Sweden,Trono,64,,,,,
1930,literature,1,Sinclair Lewis,male,1885,USA,Sauk Centre MN,45,,,,,
1930,medicine,1,Karl Landsteiner,male,1868,Austria,Vienna,62,Rockefeller Institute for Medical Research,USA,New York NY,,
1930,chemistry,1,Hans Fischer,male,1881,Germany,Hoechst,49,Technische Hochschule (Institute of Technology),Germany,Munich,,
1930,physics,1,Sir Chandrasekhara Venkata Raman,male,1888,India,Tiruchirappalli,42,Calcutta University,India,Calcutta,,
1929,physics,1,Louis de Broglie,male,1892,France,Dieppe,37,"Sorbonne University, Henri Poincare Institute",France,Paris,,
1929,literature,1,Thomas Mann,male,1875,Germany,Lubeck,54,,,,,
1929,peace,1,Frank B. Kellogg,male,1856,USA,Potsdam NY,73,,,,,
1929,medicine,2,Sir Frederick Hopkins,male,1861,United Kingdom,Eastbourne,68,University of Cambridge,United Kingdom,Cambridge,,
1929,medicine,2,Christiaan Eijkman,male,1858,the Netherlands,Nijkerk,71,Utrecht University,the Netherlands,Utrecht,,
1929,chemistry,2,Hans von Euler-Chelpin,male,1873,Germany,Augsburg,56,Stockholm University,Sweden,Stockholm,,
1929,chemistry,2,Arthur Harden,male,1865,United Kingdom,Manchester,64,London University,United Kingdom,London,,
1928,chemistry,1,Adolf Windaus,male,1876,Germany,Berlin,52,Goettingen University,Germany,Gottingen,,
1928,literature,1,Sigrid Undset,female,1882,Denmark,Kalundborg,46,,,,,
1928,medicine,1,Charles Nicolle,male,1866,France,Rouen,62,Institut Pasteur,Tunisia,Tunis,,
1928,physics,1,Owen Willans Richardson,male,1879,United Kingdom,Dewsbury,49,London University,United Kingdom,London,,
1927,literature,1,Henri Bergson,male,1859,France,Paris,68,,,,,
1927,peace,2,Ludwig Quidde,male,1858,Germany,Bremen,69,,,,,
1927,peace,2,Ferdinand Buisson,male,1841,France,Paris,86,,,,,
1927,medicine,1,Julius Wagner-Jauregg,male,1857,Austria,Wels,70,Vienna University,Austria,Vienna,,
1927,chemistry,1,Heinrich Wieland,male,1877,Germany,Pforzheim,50,Munich University,Germany,Munich,,
1927,physics,2,C.T.R. Wilson,male,1869,Scotland,Glencorse,58,University of Cambridge,United Kingdom,Cambridge,,
1927,physics,2,Arthur H. Compton,male,1892,USA,Wooster OH,35,University of Chicago,USA,Chicago IL,,
1926,chemistry,1,The Svedberg,male,1884,Sweden,Flerang,42,Uppsala University,Sweden,Uppsala,,
1926,literature,1,Grazia Deledda,female,1871,Italy,Nuoro Sardinia,55,,,,,
1926,peace,2,Gustav Stresemann,male,1878,Germany,Berlin,48,,,,,
1926,peace,2,Aristide Briand,male,1862,France,Nantes,64,,,,,
1926,medicine,1,Johannes Fibiger,male,1867,Denmark,Silkeborg,59,Copenhagen University,Denmark,Copenhagen,,
1926,physics,1,Jean Baptiste Perrin,male,1870,France,Lille,56,Sorbonne University,France,Paris,,
1925,chemistry,1,Richard Zsigmondy,male,1865,Austria,Vienna,60,Goettingen University,Germany,Gottingen,,
1925,physics,2,James Franck,male,1882,Germany,Hamburg,43,Goettingen University,Germany,Gottingen,,
1925,literature,1,George Bernard Shaw,male,1856,Ireland,Dublin,69,,,,,
1925,peace,2,Charles G. Dawes,male,1865,USA,Marietta OH,60,,,,,
1925,peace,2,Sir Austen Chamberlain,male,1863,United Kingdom,Birmingham,62,,,,,
1925,physics,2,Gustav Hertz,male,1887,Germany,Hamburg,38,Halle University,Germany,Halle,,
1924,physics,1,Manne Siegbahn,male,1886,Sweden,Orebro,38,Uppsala University,Sweden,Uppsala,,
1924,literature,1,Wladyslaw Reymont,male,1867,Poland,Kobiele Wielkie,57,,,,,
1924,medicine,1,Willem Einthoven,male,1860,Indonesia,Semarang,64,Leiden University,the Netherlands,Leiden,,
1923,literature,1,William Butler Yeats,male,1865,Ireland,Dublin,58,,,,,
1923,medicine,2,John Macleod,male,1876,Scotland,Cluny,47,University of Toronto,Canada,Toronto,,
1923,medicine,2,Frederick G. Banting,male,1891,Canada,Alliston,32,University of Toronto,Canada,Toronto,,
1923,chemistry,1,Fritz Pregl,male,1869,Slovenia,Ljubljana,54,Graz University,Austria,Graz,,
1923,physics,1,Robert A. Millikan,male,1868,USA,Morrison IL,55,California Institute of Technology (Caltech),USA,Pasadena CA,,
1922,literature,1,Jacinto Benavente,male,1866,Spain,Madrid,56,,,,,
1922,peace,1,Fridtjof Nansen,male,1861,Norway,Oslo,61,,,,,
1922,medicine,2,Otto Meyerhof,male,1884,Germany,Hanover,38,Kiel University,Germany,Kiel,,
1922,medicine,2,Archibald V. Hill,male,1886,United Kingdom,Bristol,36,London University,United Kingdom,London,,
1922,chemistry,1,Francis W. Aston,male,1877,United Kingdom,Harborne,45,University of Cambridge,United Kingdom,Cambridge,,
1922,physics,1,Niels Bohr,male,1885,Denmark,Copenhagen,37,Copenhagen University,Denmark,Copenhagen,,
1921,physics,1,Albert Einstein,male,1879,Germany,Ulm,42,Kaiser Wilhelm Institute (now Max Planck Institute) for Physics,Germany,Berlin,,
1921,literature,1,Anatole France,male,1844,France,Paris,77,,,,,
1921,peace,2,Christian Lange,male,1869,Norway,Stavanger,52,,,,,
1921,peace,2,Hjalmar Branting,male,1860,Sweden,Stockholm,61,,,,,
1921,chemistry,1,Frederick Soddy,male,1877,United Kingdom,Eastbourne,44,University of Oxford,United Kingdom,Oxford,,
1920,peace,1,Leon Bourgeois,male,1851,France,Paris,69,,,,,
1920,physics,1,Charles Edouard Guillaume,male,1861,Switzerland,Fleurier,59,Bureau International des Poids et Mesures (International Bureau of Weights and Measures),France,Sevres,,
1920,medicine,1,August Krogh,male,1874,Denmark,Grenaa,46,Copenhagen University,Denmark,Copenhagen,,
1920,chemistry,1,Walther Nernst,male,1864,Poland,Wabrzezno,56,Berlin University,Germany,Berlin,,
1920,literature,1,Knut Hamsun,male,1859,Norway,Lom,61,,,,,
1919,literature,1,Carl Spitteler,male,1845,Switzerland,Liestal,74,,,,,
1919,peace,1,Woodrow Wilson,male,1856,USA,Staunton VA,63,,,,,
1919,medicine,1,Jules Bordet,male,1870,Belgium,Soignies,49,Brussels University,Belgium,Brussels,,
1919,physics,1,Johannes Stark,male,1874,Germany,Schickenhof,45,Greifswald University,Germany,Greifswald,,
1918,chemistry,1,Fritz Haber,male,1868,Poland,Wroclaw,50,Kaiser Wilhelm Institute (now Fritz Haber Institute) for Physical Chemistry and Electrochemistry,Germany,Berlin-Dahlem,,
1918,physics,1,Max Planck,male,1858,Germany,Kiel,60,Berlin University,Germany,Berlin,,
1917,literature,2,Henrik Pontoppidan,male,1857,Denmark,Fredericia,60,,,,,
1917,literature,2,Karl Gjellerup,male,1857,Denmark,Roholte,60,,,,,
1917,peace,1,International Committee of the Red Cross ,organisation,1863,,,54,,,,,
1917,physics,1,Charles Glover Barkla,male,1877,United Kingdom,Widnes,40,Edinburgh University,United Kingdom,Edinburgh,,
1916,literature,1,Verner von Heidenstam,male,1859,Sweden,Olshammar,57,,,,,
1915,chemistry,1,Richard Willstatter,male,1872,Germany,Karlsruhe,43,Kaiser Wilhelm Institute (now Max Planck Institute) for Chemistry,Germany,Berlin-Dahlem,,
1915,literature,1,Romain Rolland,male,1866,France,Clamecy,49,,,,,
1915,physics,2,Lawrence Bragg,male,1890,Australia,Adelaide,25,Victoria University,United Kingdom,Manchester,,
1915,physics,2,William Bragg,male,1862,United Kingdom,Wigton,53,University College,United Kingdom,London,,
1914,medicine,1,Robert Barany,male,1876,Austria,Vienna,38,Vienna University,Austria,Vienna,,
1914,chemistry,1,Theodore W. Richards,male,1868,USA,Germantown PA,46,Harvard University,USA,Cambridge MA,,
1914,physics,1,Max von Laue,male,1879,Germany,Pfaffendorf,35,Frankfurt-on-the-Main University,Germany,Frankfurt-on-the-Main,,
1913,literature,1,Rabindranath Tagore,male,1861,India,Calcutta,52,,,,,
1913,peace,1,Henri La Fontaine,male,1854,Belgium,Brussels,59,,,,,
1913,medicine,1,Charles Richet,male,1850,France,Paris,63,Sorbonne University,France,Paris,,
1913,chemistry,1,Alfred Werner,male,1866,France,Mulhouse,47,University of Zurich,Switzerland,Zurich,,
1913,physics,1,Heike Kamerlingh Onnes,male,1853,the Netherlands,Groningen,60,Leiden University,the Netherlands,Leiden,,
1912,physics,1,Gustaf Dalen,male,1869,Sweden,Stenstorp,43,Swedish Gas-Accumulator Co.,Sweden,Lidingo Stockholm,,
1912,medicine,1,Alexis Carrel,male,1873,France,Sainte-Foy-les-Lyon,39,Rockefeller Institute for Medical Research,USA,New York NY,,
1912,literature,1,Gerhart Hauptmann,male,1862,Poland,Bad Salzbrunn,50,,,,,
1912,peace,1,Elihu Root,male,1845,USA,Clinton NY,67,,,,,
1912,chemistry,2,Paul Sabatier,male,1854,France,Carcassonne,58,Toulouse University,France,Toulouse,,
1912,chemistry,2,Victor Grignard,male,1871,France,Cherbourg,41,Nancy University,France,Nancy,,
1911,physics,1,Wilhelm Wien,male,1864,Russia,Parusnoye,47,Wurzburg University,Germany,Wurzburg,,
1911,literature,1,Maurice Maeterlinck,male,1862,Belgium,Ghent,49,,,,,
1911,peace,2,Alfred Fried,male,1864,Austria,Vienna,47,,,,,
1911,peace,2,Tobias Asser,male,1838,the Netherlands,Amsterdam,73,,,,,
1911,medicine,1,Allvar Gullstrand,male,1862,Sweden,Landskrona,49,Uppsala University,Sweden,Uppsala,,
1911,chemistry,1,Marie Curie,female,1867,Poland,Warsaw,44,Sorbonne University,France,Paris,,
1910,chemistry,1,Otto Wallach,male,1847,Russia,Kaliningrad,63,Goettingen University,Germany,Gottingen,,
1910,literature,1,Paul Heyse,male,1830,Germany,Berlin,80,,,,,
1910,peace,1,Permanent International Peace Bureau ,organisation,1891,,,19,,,,,
1910,medicine,1,Albrecht Kossel,male,1853,Germany,Rostock,57,University of Heidelberg,Germany,Heidelberg,,
1910,physics,1,Johannes Diderik van der Waals,male,1837,the Netherlands,Leiden,73,Amsterdam University,the Netherlands,Amsterdam,,
1909,literature,1,Selma Lagerlof,female,1858,Sweden,Marbacka,51,,,,,
1909,peace,2,Paul Henri d'Estournelles de Constant,male,1852,France,La Fleche,57,,,,,
1909,peace,2,Auguste Beernaert,male,1829,Belgium,Ostend,80,,,,,
1909,medicine,1,Theodor Kocher,male,1841,Switzerland,Bern,68,Berne University,Switzerland,Bern,,
1909,chemistry,1,Wilhelm Ostwald,male,1853,Latvia,Riga,56,Leipzig University,Germany,Leipzig,,
1909,physics,2,Ferdinand Braun,male,1850,Germany,Fulda,59,Strasbourg University,France,Strasbourg,,
1909,physics,2,Guglielmo Marconi,male,1874,Italy,Bologna,35,Marconi Wireless Telegraph Co. Ltd.,United Kingdom,London,,
1908,medicine,2,Paul Ehrlich,male,1854,Poland,Strzelin,54,Goettingen University,Germany,Gottingen,,
1908,peace,2,Fredrik Bajer,male,1837,Denmark,Naestved,71,,,,,
1908,literature,1,Rudolf Eucken,male,1846,Germany,Aurich,62,,,,,
1908,peace,2,Klas Pontus Arnoldson,male,1844,Sweden,Gothenburg,64,,,,,
1908,medicine,2,Ilya Mechnikov,male,1845,Ukraine,Kharkiv,63,Institut Pasteur,France,Paris,,
1908,chemistry,1,Ernest Rutherford,male,1871,New Zealand,Nelson,37,Victoria University,United Kingdom,Manchester,,
1908,physics,1,Gabriel Lippmann,male,1845,Luxembourg,Hollerich,63,Sorbonne University,France,Paris,,
1907,literature,1,Rudyard Kipling,male,1865,India,Mumbai,42,,,,,
1907,peace,2,Louis Renault,male,1843,France,Autun,64,Sorbonne University,France,Paris,,
1907,peace,2,Ernesto Teodoro Moneta,male,1833,Italy,Milan,74,,,,,
1907,medicine,1,Alphonse Laveran,male,1845,France,Paris,62,Institut Pasteur,France,Paris,,
1907,chemistry,1,Eduard Buchner,male,1860,Germany,Munich,47,Landwirtschaftliche Hochschule (Agricultural College),Germany,Berlin,,
1907,physics,1,Albert A. Michelson,male,1852,Poland,Strzelno,55,University of Chicago,USA,Chicago IL,,
1906,medicine,2,Santiago Ramon y Cajal,male,1852,Spain,Petilla de Aragon,54,Madrid University,Spain,Madrid,,
1906,literature,1,Giosue Carducci,male,1835,Italy,Val di Castello,71,,,,,
1906,peace,1,Theodore Roosevelt,male,1858,USA,New York NY,48,,,,,
1906,medicine,2,Camillo Golgi,male,1843,Italy,Corteno,63,Pavia University,Italy,Pavia,,
1906,chemistry,1,Henri Moissan,male,1852,France,Paris,54,Sorbonne University,France,Paris,,
1906,physics,1,J.J. Thomson,male,1856,United Kingdom,Cheetham Hill,50,University of Cambridge,United Kingdom,Cambridge,,
1905,literature,1,Henryk Sienkiewicz,male,1846,Poland,Wola Okrzejska,59,,,,,
1905,peace,1,Bertha von Suttner,female,1843,Czech Republic,Prague,62,,,,,
1905,medicine,1,Robert Koch,male,1843,Germany,Clausthal Zellerfeld,62,Institute for Infectious Diseases,Germany,Berlin,,
1905,chemistry,1,Adolf von Baeyer,male,1835,Germany,Berlin,70,Munich University,Germany,Munich,,
1905,physics,1,Philipp Lenard,male,1862,Slovakia,Bratislava,43,Kiel University,Germany,Kiel,,
1904,literature,2,Jose Echegaray,male,1832,Spain,Madrid,72,,,,,
1904,literature,2,Frederic Mistral,male,1830,France,Maillane,74,,,,,
1904,peace,1,Institute of International Law ,organisation,1873,,,31,,,,,
1904,medicine,1,Ivan Pavlov,male,1849,Russia,Ryazan,55,Military Medical Academy,Russia,St. Petersburg,,
1904,chemistry,1,Sir William Ramsay,male,1852,Scotland,Glasgow,52,University College,United Kingdom,London,,
1904,physics,1,Lord Rayleigh,male,1842,United Kingdom,Langford Grove Maldon Essex,62,Royal Institution of Great Britain,United Kingdom,London,,
1903,literature,1,Bjornstjerne Bjornson,male,1832,Norway,Kvikne,71,,,,,
1903,physics,4,Pierre Curie,male,1859,France,Paris,44,Ecole municipale de physique et de chimie industrielles (Municipal School of Industrial Physics and Chemistry),France,Paris,,
1903,physics,2,Henri Becquerel,male,1852,France,Paris,51,Ecole Polytechnique,France,Paris,,
1903,peace,1,Randal Cremer,male,1828,United Kingdom,Fareham,75,,,,,
1903,medicine,1,Niels Ryberg Finsen,male,1860,Faroe Islands (Denmark),Thorshavn,43,Finsen Medical Light Institute,Denmark,Copenhagen,,
1903,chemistry,1,Svante Arrhenius,male,1859,Sweden,Vik,44,Stockholm University,Sweden,Stockholm,,
1903,physics,4,Marie Curie,female,1867,Poland,Warsaw,36,,,,,
1902,peace,2,Elie Ducommun,male,1833,Switzerland,Geneva,69,,,,,
1902,literature,1,Theodor Mommsen,male,1817,Germany,Garding,85,,,,,
1902,peace,2,Albert Gobat,male,1843,Switzerland,Tramelan,59,,,,,
1902,medicine,1,Ronald Ross,male,1857,India,Almora,45,University College,United Kingdom,Liverpool,,
1902,chemistry,1,Emil Fischer,male,1852,Germany,Euskirchen,50,Berlin University,Germany,Berlin,,
1902,physics,2,Pieter Zeeman,male,1865,the Netherlands,Zonnemaire,37,Amsterdam University,the Netherlands,Amsterdam,,
1902,physics,2,Hendrik A. Lorentz,male,1853,the Netherlands,Arnhem,49,Leiden University,the Netherlands,Leiden,,
1901,literature,1,Sully Prudhomme,male,1839,France,Paris,62,,,,,
1901,peace,2,Frederic Passy,male,1822,France,Paris,79,,,,,
1901,peace,2,Henry Dunant,male,1828,Switzerland,Geneva,73,,,,,
1901,medicine,1,Emil von Behring,male,1854,Poland,Lawice,47,Marburg University,Germany,Marburg,,
1901,chemistry,1,Jacobus H. van 't Hoff,male,1852,the Netherlands,Rotterdam,49,Berlin University,Germany,Berlin,,
1901,physics,1,Wilhelm Conrad Rontgen,male,1845,Germany,Remscheid,56,Munich University,Germany,Munich,,
,,,,,,,,,,,,,
,,,,,,,,,,,,,
,,,,,,,,,,,,,
